--
-- PostgreSQL database dump
--

-- Dumped from database version 13.2 (Debian 13.2-1.pgdg100+1)
-- Dumped by pg_dump version 13.0

SET statement_timeout = 0;
SET lock_timeout = 0;
SET idle_in_transaction_session_timeout = 0;
SET client_encoding = 'UTF8';
SET standard_conforming_strings = on;
SELECT pg_catalog.set_config('search_path', '', false);
SET check_function_bodies = false;
SET xmloption = content;
SET client_min_messages = warning;
SET row_security = off;

SET default_tablespace = '';

SET default_table_access_method = heap;

--
-- Name: doctrine_migration_versions; Type: TABLE; Schema: public; Owner: -
--

CREATE TABLE public.doctrine_migration_versions (
    version character varying(191) NOT NULL,
    executed_at timestamp(0) without time zone,
    execution_time integer
);


--
-- Name: symfony_demo_comment; Type: TABLE; Schema: public; Owner: -
--

CREATE TABLE public.symfony_demo_comment (
    id bigint NOT NULL,
    post_id bigint,
    author_id bigint,
    content text,
    published_at timestamp with time zone
);


--
-- Name: symfony_demo_post; Type: TABLE; Schema: public; Owner: -
--

CREATE TABLE public.symfony_demo_post (
    id bigint NOT NULL,
    author_id bigint,
    title text,
    slug text,
    summary text,
    content text,
    published_at timestamp with time zone
);


--
-- Name: symfony_demo_post_tag; Type: TABLE; Schema: public; Owner: -
--

CREATE TABLE public.symfony_demo_post_tag (
    post_id bigint NOT NULL,
    tag_id bigint NOT NULL
);


--
-- Name: symfony_demo_tag; Type: TABLE; Schema: public; Owner: -
--

CREATE TABLE public.symfony_demo_tag (
    id bigint NOT NULL,
    name text
);


--
-- Name: symfony_demo_user; Type: TABLE; Schema: public; Owner: -
--

CREATE TABLE public.symfony_demo_user (
    id bigint NOT NULL,
    full_name text,
    username text,
    email text,
    password text,
    roles text
);


--
-- Data for Name: doctrine_migration_versions; Type: TABLE DATA; Schema: public; Owner: -
--

COPY public.doctrine_migration_versions (version, executed_at, execution_time) FROM stdin;
DoctrineMigrations\\Version20210405132033	2020-09-29 09:16:22	99
\.


--
-- Data for Name: symfony_demo_comment; Type: TABLE DATA; Schema: public; Owner: -
--

COPY public.symfony_demo_comment (id, post_id, author_id, content, published_at) FROM stdin;
1	1	3	Eros diam egestas libero eu vulputate risus. Aliquam sodales odio id eleifend tristique. Nulla porta lobortis ligula vel egestas. Eposs sunt solems de superbus fortis. Sunt torquises imitari velox mirabilis medicinaes. Lorem ipsum dolor sit amet consectetur adipiscing elit. Sunt seculaes transferre talis camerarius fluctuies.	2017-12-05 17:36:44+00
2	1	3	Curabitur aliquam euismod dolor non ornare. Mauris dapibus risus quis suscipit vulputate. Pellentesque et sapien pulvinar consectetur. Ut suscipit posuere justo at vulputate. Nunc viverra elit ac laoreet suscipit. Aliquam sodales odio id eleifend tristique. Vae humani generis. Silva de secundus galatae demitto quadra. Ubi est barbatus nix.	2017-12-05 17:36:45+00
3	1	3	Sunt accentores vitare salvus flavum parses. Urna nisl sollicitudin id varius orci quam id turpis. Potus sensim ad ferox abnoba. Silva de secundus galatae demitto quadra. Eros diam egestas libero eu vulputate risus. Pellentesque et sapien pulvinar consectetur.	2017-12-05 17:36:46+00
4	1	3	Ut eleifend mauris et risus ultrices egestas. Era brevis ratione est. Potus sensim ad ferox abnoba. Nunc viverra elit ac laoreet suscipit. Ut suscipit posuere justo at vulputate. Teres talis saepe tractare de camerarius flavum sensorem. Aliquam sodales odio id eleifend tristique. Sunt seculaes transferre talis camerarius fluctuies. Sunt torquises imitari velox mirabilis medicinaes. Eposs sunt solems de superbus fortis. Sunt accentores vitare salvus flavum parses.	2017-12-05 17:36:47+00
5	1	3	Diatrias tolerare tanquam noster caesium. Pellentesque vitae velit ex. Ubi est barbatus nix. Sunt seculaes transferre talis camerarius fluctuies. Bassus fatalis classiss virtualiter transferre de flavum. Sunt torquises imitari velox mirabilis medicinaes. Silva de secundus galatae demitto quadra. Ut eleifend mauris et risus ultrices egestas.	2017-12-05 17:36:48+00
6	2	3	Mauris dapibus risus quis suscipit vulputate. Diatrias tolerare tanquam noster caesium. Era brevis ratione est. Nunc viverra elit ac laoreet suscipit. Sunt seculaes transferre talis camerarius fluctuies. Ubi est barbatus nix. Ut eleifend mauris et risus ultrices egestas. Pellentesque et sapien pulvinar consectetur. Sunt torquises imitari velox mirabilis medicinaes.	2017-12-05 17:36:44+00
7	2	3	Ut suscipit posuere justo at vulputate. Eposs sunt solems de superbus fortis. Mauris dapibus risus quis suscipit vulputate. Teres talis saepe tractare de camerarius flavum sensorem. Sunt torquises imitari velox mirabilis medicinaes. Ubi est audax amicitia. Vae humani generis. Bassus fatalis classiss virtualiter transferre de flavum. Ubi est barbatus nix.	2017-12-05 17:36:45+00
8	2	3	Abnobas sunt hilotaes de placidus vita. Teres talis saepe tractare de camerarius flavum sensorem. Diatrias tolerare tanquam noster caesium. Ubi est barbatus nix. Nunc viverra elit ac laoreet suscipit. Sunt seculaes transferre talis camerarius fluctuies. Mauris dapibus risus quis suscipit vulputate. Vae humani generis. Urna nisl sollicitudin id varius orci quam id turpis. Ubi est audax amicitia.	2017-12-05 17:36:46+00
9	2	3	Silva de secundus galatae demitto quadra. Abnobas sunt hilotaes de placidus vita. Mauris dapibus risus quis suscipit vulputate. Urna nisl sollicitudin id varius orci quam id turpis. Vae humani generis. Pellentesque et sapien pulvinar consectetur. Sunt accentores vitare salvus flavum parses. Pellentesque vitae velit ex. Nulla porta lobortis ligula vel egestas.	2017-12-05 17:36:47+00
10	2	3	Nulla porta lobortis ligula vel egestas. Pellentesque et sapien pulvinar consectetur. Ut suscipit posuere justo at vulputate. Teres talis saepe tractare de camerarius flavum sensorem. Potus sensim ad ferox abnoba. Lorem ipsum dolor sit amet consectetur adipiscing elit. Ubi est audax amicitia. Sunt seculaes transferre talis camerarius fluctuies.	2017-12-05 17:36:48+00
11	3	3	Sunt torquises imitari velox mirabilis medicinaes. Aliquam sodales odio id eleifend tristique. Nulla porta lobortis ligula vel egestas. Curabitur aliquam euismod dolor non ornare. Pellentesque vitae velit ex. Mauris dapibus risus quis suscipit vulputate. Ut suscipit posuere justo at vulputate. Ubi est barbatus nix. Eposs sunt solems de superbus fortis.	2017-12-05 17:36:44+00
12	3	3	Pellentesque vitae velit ex. Urna nisl sollicitudin id varius orci quam id turpis. Ut eleifend mauris et risus ultrices egestas. Silva de secundus galatae demitto quadra. Diatrias tolerare tanquam noster caesium. Mineralis persuadere omnes finises desiderium. Aliquam sodales odio id eleifend tristique. Nulla porta lobortis ligula vel egestas. Vae humani generis.	2017-12-05 17:36:45+00
13	3	3	Silva de secundus galatae demitto quadra. Pellentesque vitae velit ex. Ubi est audax amicitia. Mauris dapibus risus quis suscipit vulputate. Sunt torquises imitari velox mirabilis medicinaes. Pellentesque et sapien pulvinar consectetur. Teres talis saepe tractare de camerarius flavum sensorem. Vae humani generis. Aliquam sodales odio id eleifend tristique. Ubi est barbatus nix.	2017-12-05 17:36:46+00
14	3	3	Mineralis persuadere omnes finises desiderium. Ubi est barbatus nix. Eros diam egestas libero eu vulputate risus. Morbi tempus commodo mattis. Eposs sunt solems de superbus fortis. Potus sensim ad ferox abnoba. Pellentesque vitae velit ex. Nunc viverra elit ac laoreet suscipit. Bassus fatalis classiss virtualiter transferre de flavum. Pellentesque et sapien pulvinar consectetur. Ut suscipit posuere justo at vulputate.	2017-12-05 17:36:47+00
15	3	3	Nulla porta lobortis ligula vel egestas. Eros diam egestas libero eu vulputate risus. Sunt accentores vitare salvus flavum parses. Ut eleifend mauris et risus ultrices egestas. Mineralis persuadere omnes finises desiderium. Vae humani generis.	2017-12-05 17:36:48+00
16	4	3	Urna nisl sollicitudin id varius orci quam id turpis. Silva de secundus galatae demitto quadra. Ubi est barbatus nix. Morbi tempus commodo mattis. Ut suscipit posuere justo at vulputate. Nunc viverra elit ac laoreet suscipit. Ut eleifend mauris et risus ultrices egestas. Sunt seculaes transferre talis camerarius fluctuies. Potus sensim ad ferox abnoba.	2017-12-05 17:36:44+00
17	4	3	Ut suscipit posuere justo at vulputate. Era brevis ratione est. Pellentesque et sapien pulvinar consectetur. Potus sensim ad ferox abnoba. Nulla porta lobortis ligula vel egestas. Aliquam sodales odio id eleifend tristique. Sunt seculaes transferre talis camerarius fluctuies. Sunt accentores vitare salvus flavum parses. Lorem ipsum dolor sit amet consectetur adipiscing elit. Eposs sunt solems de superbus fortis. Ut eleifend mauris et risus ultrices egestas.	2017-12-05 17:36:45+00
18	4	3	Silva de secundus galatae demitto quadra. Aliquam sodales odio id eleifend tristique. Sed varius a risus eget aliquam. Bassus fatalis classiss virtualiter transferre de flavum. Pellentesque vitae velit ex. Mauris dapibus risus quis suscipit vulputate. Vae humani generis. Ut suscipit posuere justo at vulputate.	2017-12-05 17:36:46+00
19	4	3	Curabitur aliquam euismod dolor non ornare. Pellentesque et sapien pulvinar consectetur. Nunc viverra elit ac laoreet suscipit. Ubi est audax amicitia. Bassus fatalis classiss virtualiter transferre de flavum. Eposs sunt solems de superbus fortis. Sed varius a risus eget aliquam. Sunt seculaes transferre talis camerarius fluctuies. Potus sensim ad ferox abnoba.	2017-12-05 17:36:47+00
20	4	3	Nulla porta lobortis ligula vel egestas. Ubi est audax amicitia. Sunt torquises imitari velox mirabilis medicinaes. Eposs sunt solems de superbus fortis. Morbi tempus commodo mattis. Mineralis persuadere omnes finises desiderium. Aliquam sodales odio id eleifend tristique.	2017-12-05 17:36:48+00
21	5	3	Sunt torquises imitari velox mirabilis medicinaes. Sunt accentores vitare salvus flavum parses. Nulla porta lobortis ligula vel egestas. Mineralis persuadere omnes finises desiderium. Diatrias tolerare tanquam noster caesium. Morbi tempus commodo mattis. Sunt seculaes transferre talis camerarius fluctuies. Mauris dapibus risus quis suscipit vulputate. Curabitur aliquam euismod dolor non ornare. Pellentesque et sapien pulvinar consectetur. Ut eleifend mauris et risus ultrices egestas.	2017-12-05 17:36:44+00
22	5	3	Urna nisl sollicitudin id varius orci quam id turpis. Sunt torquises imitari velox mirabilis medicinaes. Ut suscipit posuere justo at vulputate. Ut eleifend mauris et risus ultrices egestas. Sunt accentores vitare salvus flavum parses. Diatrias tolerare tanquam noster caesium. Nulla porta lobortis ligula vel egestas.	2017-12-05 17:36:45+00
23	5	3	Teres talis saepe tractare de camerarius flavum sensorem. Nunc viverra elit ac laoreet suscipit. Sunt torquises imitari velox mirabilis medicinaes. Silva de secundus galatae demitto quadra. Sunt seculaes transferre talis camerarius fluctuies. Eposs sunt solems de superbus fortis.	2017-12-05 17:36:46+00
24	5	3	Urna nisl sollicitudin id varius orci quam id turpis. Nulla porta lobortis ligula vel egestas. Era brevis ratione est. Vae humani generis. Sunt seculaes transferre talis camerarius fluctuies. Pellentesque vitae velit ex. Potus sensim ad ferox abnoba. Lorem ipsum dolor sit amet consectetur adipiscing elit.	2017-12-05 17:36:47+00
25	5	3	Teres talis saepe tractare de camerarius flavum sensorem. Sunt torquises imitari velox mirabilis medicinaes. Mauris dapibus risus quis suscipit vulputate. Pellentesque vitae velit ex. Sunt accentores vitare salvus flavum parses. Eposs sunt solems de superbus fortis. Curabitur aliquam euismod dolor non ornare. Sed varius a risus eget aliquam. Eros diam egestas libero eu vulputate risus. Nulla porta lobortis ligula vel egestas.	2017-12-05 17:36:48+00
26	6	3	Era brevis ratione est. Ut suscipit posuere justo at vulputate. Vae humani generis. Eposs sunt solems de superbus fortis. Lorem ipsum dolor sit amet consectetur adipiscing elit. Ubi est barbatus nix. Sunt accentores vitare salvus flavum parses. Bassus fatalis classiss virtualiter transferre de flavum. Pellentesque et sapien pulvinar consectetur. Morbi tempus commodo mattis. Sunt seculaes transferre talis camerarius fluctuies.	2017-12-05 17:36:44+00
27	6	3	Silva de secundus galatae demitto quadra. Ut suscipit posuere justo at vulputate. Teres talis saepe tractare de camerarius flavum sensorem. Sed varius a risus eget aliquam. Urna nisl sollicitudin id varius orci quam id turpis. Nunc viverra elit ac laoreet suscipit. Abnobas sunt hilotaes de placidus vita. Pellentesque et sapien pulvinar consectetur.	2017-12-05 17:36:45+00
28	6	3	Pellentesque et sapien pulvinar consectetur. Lorem ipsum dolor sit amet consectetur adipiscing elit. Sunt accentores vitare salvus flavum parses. Ubi est audax amicitia. Sed varius a risus eget aliquam. In hac habitasse platea dictumst. Diatrias tolerare tanquam noster caesium. Pellentesque vitae velit ex. Nulla porta lobortis ligula vel egestas. Aliquam sodales odio id eleifend tristique. Vae humani generis.	2017-12-05 17:36:46+00
29	6	3	Diatrias tolerare tanquam noster caesium. Ut eleifend mauris et risus ultrices egestas. Curabitur aliquam euismod dolor non ornare. Vae humani generis. In hac habitasse platea dictumst. Potus sensim ad ferox abnoba. Silva de secundus galatae demitto quadra. Sed varius a risus eget aliquam. Eposs sunt solems de superbus fortis. Pellentesque vitae velit ex. Bassus fatalis classiss virtualiter transferre de flavum. Nunc viverra elit ac laoreet suscipit.	2017-12-05 17:36:47+00
30	6	3	Era brevis ratione est. Mineralis persuadere omnes finises desiderium. Ut suscipit posuere justo at vulputate. Eposs sunt solems de superbus fortis. Sunt accentores vitare salvus flavum parses. Aliquam sodales odio id eleifend tristique.	2017-12-05 17:36:48+00
31	7	3	Aliquam sodales odio id eleifend tristique. Curabitur aliquam euismod dolor non ornare. Nunc viverra elit ac laoreet suscipit. Teres talis saepe tractare de camerarius flavum sensorem. Eposs sunt solems de superbus fortis. Sed varius a risus eget aliquam. Ubi est barbatus nix. Sunt seculaes transferre talis camerarius fluctuies. Abnobas sunt hilotaes de placidus vita. Era brevis ratione est. Potus sensim ad ferox abnoba. Ut suscipit posuere justo at vulputate.	2017-12-05 17:36:44+00
32	7	3	Sunt torquises imitari velox mirabilis medicinaes. Pellentesque vitae velit ex. Ubi est audax amicitia. Potus sensim ad ferox abnoba. Ut suscipit posuere justo at vulputate. Morbi tempus commodo mattis. Teres talis saepe tractare de camerarius flavum sensorem.	2017-12-05 17:36:45+00
33	7	3	Eros diam egestas libero eu vulputate risus. Nulla porta lobortis ligula vel egestas. Mineralis persuadere omnes finises desiderium. Morbi tempus commodo mattis. Pellentesque et sapien pulvinar consectetur. Curabitur aliquam euismod dolor non ornare. Sunt accentores vitare salvus flavum parses. In hac habitasse platea dictumst. Ut suscipit posuere justo at vulputate.	2017-12-05 17:36:46+00
34	7	3	Nulla porta lobortis ligula vel egestas. Nunc viverra elit ac laoreet suscipit. Mauris dapibus risus quis suscipit vulputate. Sunt accentores vitare salvus flavum parses. In hac habitasse platea dictumst. Eros diam egestas libero eu vulputate risus. Sed varius a risus eget aliquam. Ut suscipit posuere justo at vulputate. Curabitur aliquam euismod dolor non ornare. Lorem ipsum dolor sit amet consectetur adipiscing elit. Ubi est audax amicitia.	2017-12-05 17:36:47+00
35	7	3	Potus sensim ad ferox abnoba. Abnobas sunt hilotaes de placidus vita. Sunt accentores vitare salvus flavum parses. Eposs sunt solems de superbus fortis. Nulla porta lobortis ligula vel egestas. Ubi est barbatus nix. Aliquam sodales odio id eleifend tristique. Morbi tempus commodo mattis. Bassus fatalis classiss virtualiter transferre de flavum. Sunt seculaes transferre talis camerarius fluctuies.	2017-12-05 17:36:48+00
36	8	3	Urna nisl sollicitudin id varius orci quam id turpis. Pellentesque et sapien pulvinar consectetur. Ut eleifend mauris et risus ultrices egestas. Sunt seculaes transferre talis camerarius fluctuies. Sunt accentores vitare salvus flavum parses. Lorem ipsum dolor sit amet consectetur adipiscing elit. Potus sensim ad ferox abnoba. Nulla porta lobortis ligula vel egestas. Sed varius a risus eget aliquam.	2017-12-05 17:36:44+00
37	8	3	Morbi tempus commodo mattis. Pellentesque vitae velit ex. Pellentesque et sapien pulvinar consectetur. Silva de secundus galatae demitto quadra. Eposs sunt solems de superbus fortis. Ut suscipit posuere justo at vulputate. Era brevis ratione est. Abnobas sunt hilotaes de placidus vita. In hac habitasse platea dictumst. Sed varius a risus eget aliquam. Ubi est barbatus nix.	2017-12-05 17:36:45+00
38	8	3	Silva de secundus galatae demitto quadra. Morbi tempus commodo mattis. Curabitur aliquam euismod dolor non ornare. Ut suscipit posuere justo at vulputate. Bassus fatalis classiss virtualiter transferre de flavum. Aliquam sodales odio id eleifend tristique. Sunt accentores vitare salvus flavum parses. Sed varius a risus eget aliquam. Nulla porta lobortis ligula vel egestas. Urna nisl sollicitudin id varius orci quam id turpis. Teres talis saepe tractare de camerarius flavum sensorem.	2017-12-05 17:36:46+00
39	8	3	Lorem ipsum dolor sit amet consectetur adipiscing elit. Mauris dapibus risus quis suscipit vulputate. Vae humani generis. Bassus fatalis classiss virtualiter transferre de flavum. Eros diam egestas libero eu vulputate risus. Pellentesque vitae velit ex. In hac habitasse platea dictumst.	2017-12-05 17:36:47+00
40	8	3	Mineralis persuadere omnes finises desiderium. Eros diam egestas libero eu vulputate risus. Urna nisl sollicitudin id varius orci quam id turpis. Pellentesque vitae velit ex. Ut eleifend mauris et risus ultrices egestas. Sunt accentores vitare salvus flavum parses. Sunt seculaes transferre talis camerarius fluctuies. Teres talis saepe tractare de camerarius flavum sensorem. Mauris dapibus risus quis suscipit vulputate.	2017-12-05 17:36:48+00
41	9	3	Pellentesque vitae velit ex. Vae humani generis. Lorem ipsum dolor sit amet consectetur adipiscing elit. Bassus fatalis classiss virtualiter transferre de flavum. Urna nisl sollicitudin id varius orci quam id turpis. Sunt torquises imitari velox mirabilis medicinaes. Ubi est audax amicitia. Nulla porta lobortis ligula vel egestas. Ubi est barbatus nix.	2017-12-05 17:36:44+00
42	9	3	Era brevis ratione est. Mauris dapibus risus quis suscipit vulputate. Eposs sunt solems de superbus fortis. Sunt torquises imitari velox mirabilis medicinaes. Ubi est audax amicitia. Aliquam sodales odio id eleifend tristique. Nunc viverra elit ac laoreet suscipit. Bassus fatalis classiss virtualiter transferre de flavum. Abnobas sunt hilotaes de placidus vita.	2017-12-05 17:36:45+00
43	9	3	Mauris dapibus risus quis suscipit vulputate. Ubi est barbatus nix. Abnobas sunt hilotaes de placidus vita. Eposs sunt solems de superbus fortis. Teres talis saepe tractare de camerarius flavum sensorem. Era brevis ratione est. Silva de secundus galatae demitto quadra.	2017-12-05 17:36:46+00
44	9	3	Eros diam egestas libero eu vulputate risus. Vae humani generis. Bassus fatalis classiss virtualiter transferre de flavum. Ut eleifend mauris et risus ultrices egestas. Pellentesque et sapien pulvinar consectetur. Potus sensim ad ferox abnoba. Abnobas sunt hilotaes de placidus vita. Mineralis persuadere omnes finises desiderium. Nulla porta lobortis ligula vel egestas.	2017-12-05 17:36:47+00
45	9	3	Aliquam sodales odio id eleifend tristique. Teres talis saepe tractare de camerarius flavum sensorem. Morbi tempus commodo mattis. Eposs sunt solems de superbus fortis. Abnobas sunt hilotaes de placidus vita. Sunt torquises imitari velox mirabilis medicinaes. Eros diam egestas libero eu vulputate risus.	2017-12-05 17:36:48+00
46	10	3	Era brevis ratione est. Curabitur aliquam euismod dolor non ornare. Diatrias tolerare tanquam noster caesium. Ubi est barbatus nix. Sed varius a risus eget aliquam. Urna nisl sollicitudin id varius orci quam id turpis. Ut suscipit posuere justo at vulputate. Vae humani generis. Sunt accentores vitare salvus flavum parses. Potus sensim ad ferox abnoba.	2017-12-05 17:36:44+00
47	10	3	Ut suscipit posuere justo at vulputate. Lorem ipsum dolor sit amet consectetur adipiscing elit. Silva de secundus galatae demitto quadra. Pellentesque vitae velit ex. Aliquam sodales odio id eleifend tristique. Urna nisl sollicitudin id varius orci quam id turpis. Curabitur aliquam euismod dolor non ornare. Sunt torquises imitari velox mirabilis medicinaes. Pellentesque et sapien pulvinar consectetur. Eros diam egestas libero eu vulputate risus. Vae humani generis. Morbi tempus commodo mattis.	2017-12-05 17:36:45+00
48	10	3	Sunt accentores vitare salvus flavum parses. Mineralis persuadere omnes finises desiderium. Vae humani generis. Silva de secundus galatae demitto quadra. Pellentesque et sapien pulvinar consectetur. Ut suscipit posuere justo at vulputate. Teres talis saepe tractare de camerarius flavum sensorem. Urna nisl sollicitudin id varius orci quam id turpis. Morbi tempus commodo mattis. Era brevis ratione est.	2017-12-05 17:36:46+00
49	10	3	Ut suscipit posuere justo at vulputate. Silva de secundus galatae demitto quadra. In hac habitasse platea dictumst. Bassus fatalis classiss virtualiter transferre de flavum. Mineralis persuadere omnes finises desiderium. Sed varius a risus eget aliquam. Eros diam egestas libero eu vulputate risus. Vae humani generis. Ut eleifend mauris et risus ultrices egestas. Urna nisl sollicitudin id varius orci quam id turpis. Morbi tempus commodo mattis. Pellentesque vitae velit ex.	2017-12-05 17:36:47+00
50	10	3	Era brevis ratione est. Bassus fatalis classiss virtualiter transferre de flavum. Eros diam egestas libero eu vulputate risus. Urna nisl sollicitudin id varius orci quam id turpis. Nulla porta lobortis ligula vel egestas. Vae humani generis.	2017-12-05 17:36:48+00
51	11	3	Ut suscipit posuere justo at vulputate. Sed varius a risus eget aliquam. Bassus fatalis classiss virtualiter transferre de flavum. Morbi tempus commodo mattis. Era brevis ratione est. Silva de secundus galatae demitto quadra. Sunt torquises imitari velox mirabilis medicinaes. Curabitur aliquam euismod dolor non ornare. Diatrias tolerare tanquam noster caesium. In hac habitasse platea dictumst. Ubi est barbatus nix. Ubi est audax amicitia. Pellentesque et sapien pulvinar consectetur.	2017-12-05 17:36:44+00
52	11	3	In hac habitasse platea dictumst. Curabitur aliquam euismod dolor non ornare. Nulla porta lobortis ligula vel egestas. Nunc viverra elit ac laoreet suscipit. Eros diam egestas libero eu vulputate risus. Era brevis ratione est. Abnobas sunt hilotaes de placidus vita. Urna nisl sollicitudin id varius orci quam id turpis.	2017-12-05 17:36:45+00
53	11	3	Potus sensim ad ferox abnoba. In hac habitasse platea dictumst. Aliquam sodales odio id eleifend tristique. Ut suscipit posuere justo at vulputate. Abnobas sunt hilotaes de placidus vita. Urna nisl sollicitudin id varius orci quam id turpis. Teres talis saepe tractare de camerarius flavum sensorem. Pellentesque vitae velit ex. Silva de secundus galatae demitto quadra. Morbi tempus commodo mattis. Curabitur aliquam euismod dolor non ornare.	2017-12-05 17:36:46+00
54	11	3	Urna nisl sollicitudin id varius orci quam id turpis. Pellentesque vitae velit ex. Bassus fatalis classiss virtualiter transferre de flavum. Diatrias tolerare tanquam noster caesium. Ubi est audax amicitia. Sed varius a risus eget aliquam. Morbi tempus commodo mattis. Sunt accentores vitare salvus flavum parses.	2017-12-05 17:36:47+00
55	11	3	Ubi est audax amicitia. Ut eleifend mauris et risus ultrices egestas. Diatrias tolerare tanquam noster caesium. Aliquam sodales odio id eleifend tristique. Ut suscipit posuere justo at vulputate. Sed varius a risus eget aliquam. Bassus fatalis classiss virtualiter transferre de flavum. Lorem ipsum dolor sit amet consectetur adipiscing elit. Era brevis ratione est.	2017-12-05 17:36:48+00
56	12	3	Ubi est audax amicitia. Mauris dapibus risus quis suscipit vulputate. Eros diam egestas libero eu vulputate risus. Sunt torquises imitari velox mirabilis medicinaes. Ut suscipit posuere justo at vulputate. Eposs sunt solems de superbus fortis. Ubi est barbatus nix. Morbi tempus commodo mattis. Nunc viverra elit ac laoreet suscipit. Teres talis saepe tractare de camerarius flavum sensorem.	2017-12-05 17:36:44+00
57	12	3	Sunt seculaes transferre talis camerarius fluctuies. Urna nisl sollicitudin id varius orci quam id turpis. Nunc viverra elit ac laoreet suscipit. Pellentesque vitae velit ex. Bassus fatalis classiss virtualiter transferre de flavum. Eros diam egestas libero eu vulputate risus. Sunt torquises imitari velox mirabilis medicinaes. Mineralis persuadere omnes finises desiderium. Sunt accentores vitare salvus flavum parses. Morbi tempus commodo mattis.	2017-12-05 17:36:45+00
58	12	3	In hac habitasse platea dictumst. Sunt seculaes transferre talis camerarius fluctuies. Ubi est audax amicitia. Potus sensim ad ferox abnoba. Ut suscipit posuere justo at vulputate. Pellentesque et sapien pulvinar consectetur. Eros diam egestas libero eu vulputate risus. Curabitur aliquam euismod dolor non ornare. Ut eleifend mauris et risus ultrices egestas. Mineralis persuadere omnes finises desiderium. Diatrias tolerare tanquam noster caesium. Nunc viverra elit ac laoreet suscipit.	2017-12-05 17:36:46+00
59	12	3	In hac habitasse platea dictumst. Urna nisl sollicitudin id varius orci quam id turpis. Morbi tempus commodo mattis. Sunt torquises imitari velox mirabilis medicinaes. Ubi est barbatus nix. Nulla porta lobortis ligula vel egestas. Ut suscipit posuere justo at vulputate.	2017-12-05 17:36:47+00
60	12	3	Diatrias tolerare tanquam noster caesium. Ut suscipit posuere justo at vulputate. Ubi est barbatus nix. Potus sensim ad ferox abnoba. Mauris dapibus risus quis suscipit vulputate. Nunc viverra elit ac laoreet suscipit. Morbi tempus commodo mattis. Curabitur aliquam euismod dolor non ornare. Sunt seculaes transferre talis camerarius fluctuies. Ut eleifend mauris et risus ultrices egestas. Pellentesque et sapien pulvinar consectetur. Aliquam sodales odio id eleifend tristique. Vae humani generis.	2017-12-05 17:36:48+00
61	13	3	Vae humani generis. Ubi est barbatus nix. Eposs sunt solems de superbus fortis. Sunt torquises imitari velox mirabilis medicinaes. Sunt seculaes transferre talis camerarius fluctuies. Pellentesque vitae velit ex. Abnobas sunt hilotaes de placidus vita.	2017-12-05 17:36:44+00
62	13	3	Curabitur aliquam euismod dolor non ornare. Sunt accentores vitare salvus flavum parses. Ubi est audax amicitia. Nunc viverra elit ac laoreet suscipit. Teres talis saepe tractare de camerarius flavum sensorem. Nulla porta lobortis ligula vel egestas. Pellentesque vitae velit ex. Morbi tempus commodo mattis. Mineralis persuadere omnes finises desiderium.	2017-12-05 17:36:45+00
63	13	3	Ubi est audax amicitia. Sed varius a risus eget aliquam. In hac habitasse platea dictumst. Era brevis ratione est. Sunt accentores vitare salvus flavum parses. Teres talis saepe tractare de camerarius flavum sensorem. Sunt seculaes transferre talis camerarius fluctuies. Ut eleifend mauris et risus ultrices egestas. Mineralis persuadere omnes finises desiderium. Nunc viverra elit ac laoreet suscipit.	2017-12-05 17:36:46+00
64	13	3	Abnobas sunt hilotaes de placidus vita. In hac habitasse platea dictumst. Aliquam sodales odio id eleifend tristique. Diatrias tolerare tanquam noster caesium. Urna nisl sollicitudin id varius orci quam id turpis. Vae humani generis. Nulla porta lobortis ligula vel egestas.	2017-12-05 17:36:47+00
65	13	3	Mineralis persuadere omnes finises desiderium. Ubi est barbatus nix. Sunt seculaes transferre talis camerarius fluctuies. Vae humani generis. Pellentesque vitae velit ex. Diatrias tolerare tanquam noster caesium. Pellentesque et sapien pulvinar consectetur. Ubi est audax amicitia. Urna nisl sollicitudin id varius orci quam id turpis. Teres talis saepe tractare de camerarius flavum sensorem. Ut suscipit posuere justo at vulputate.	2017-12-05 17:36:48+00
66	14	3	Urna nisl sollicitudin id varius orci quam id turpis. Sunt torquises imitari velox mirabilis medicinaes. Vae humani generis. Era brevis ratione est. Sunt accentores vitare salvus flavum parses. Ubi est barbatus nix.	2017-12-05 17:36:44+00
67	14	3	Mauris dapibus risus quis suscipit vulputate. Mineralis persuadere omnes finises desiderium. Sunt accentores vitare salvus flavum parses. Nunc viverra elit ac laoreet suscipit. Potus sensim ad ferox abnoba. In hac habitasse platea dictumst. Diatrias tolerare tanquam noster caesium. Sunt seculaes transferre talis camerarius fluctuies.	2017-12-05 17:36:45+00
68	14	3	Diatrias tolerare tanquam noster caesium. Nunc viverra elit ac laoreet suscipit. Pellentesque vitae velit ex. Bassus fatalis classiss virtualiter transferre de flavum. Ubi est barbatus nix. Ut eleifend mauris et risus ultrices egestas. Potus sensim ad ferox abnoba. Era brevis ratione est. Urna nisl sollicitudin id varius orci quam id turpis. Sunt accentores vitare salvus flavum parses. In hac habitasse platea dictumst. Ubi est audax amicitia.	2017-12-05 17:36:46+00
69	14	3	Potus sensim ad ferox abnoba. Silva de secundus galatae demitto quadra. Mineralis persuadere omnes finises desiderium. Diatrias tolerare tanquam noster caesium. Nunc viverra elit ac laoreet suscipit. Era brevis ratione est. Teres talis saepe tractare de camerarius flavum sensorem. Abnobas sunt hilotaes de placidus vita. Sunt torquises imitari velox mirabilis medicinaes.	2017-12-05 17:36:47+00
70	14	3	Nulla porta lobortis ligula vel egestas. Curabitur aliquam euismod dolor non ornare. Ut eleifend mauris et risus ultrices egestas. Vae humani generis. Bassus fatalis classiss virtualiter transferre de flavum. In hac habitasse platea dictumst. Silva de secundus galatae demitto quadra. Eros diam egestas libero eu vulputate risus. Ubi est barbatus nix. Pellentesque vitae velit ex. Eposs sunt solems de superbus fortis.	2017-12-05 17:36:48+00
71	15	3	Ubi est barbatus nix. Ut suscipit posuere justo at vulputate. Curabitur aliquam euismod dolor non ornare. Sunt torquises imitari velox mirabilis medicinaes. Eposs sunt solems de superbus fortis. Mineralis persuadere omnes finises desiderium. Bassus fatalis classiss virtualiter transferre de flavum.	2017-12-05 17:36:44+00
72	15	3	Mauris dapibus risus quis suscipit vulputate. Curabitur aliquam euismod dolor non ornare. Ubi est audax amicitia. Pellentesque vitae velit ex. Pellentesque et sapien pulvinar consectetur. Nulla porta lobortis ligula vel egestas. Ubi est barbatus nix. Teres talis saepe tractare de camerarius flavum sensorem.	2017-12-05 17:36:45+00
73	15	3	Ut suscipit posuere justo at vulputate. Vae humani generis. In hac habitasse platea dictumst. Morbi tempus commodo mattis. Urna nisl sollicitudin id varius orci quam id turpis. Silva de secundus galatae demitto quadra. Pellentesque vitae velit ex. Potus sensim ad ferox abnoba. Pellentesque et sapien pulvinar consectetur. Diatrias tolerare tanquam noster caesium. Teres talis saepe tractare de camerarius flavum sensorem. Sunt accentores vitare salvus flavum parses.	2017-12-05 17:36:46+00
74	15	3	Sunt torquises imitari velox mirabilis medicinaes. Lorem ipsum dolor sit amet consectetur adipiscing elit. Eposs sunt solems de superbus fortis. Teres talis saepe tractare de camerarius flavum sensorem. Ubi est barbatus nix. Bassus fatalis classiss virtualiter transferre de flavum. Nunc viverra elit ac laoreet suscipit. Sunt accentores vitare salvus flavum parses. Curabitur aliquam euismod dolor non ornare. Aliquam sodales odio id eleifend tristique.	2017-12-05 17:36:47+00
75	15	3	Potus sensim ad ferox abnoba. Eposs sunt solems de superbus fortis. Sed varius a risus eget aliquam. Mauris dapibus risus quis suscipit vulputate. Ut suscipit posuere justo at vulputate. Vae humani generis. Eros diam egestas libero eu vulputate risus. Mineralis persuadere omnes finises desiderium. Ubi est barbatus nix. Teres talis saepe tractare de camerarius flavum sensorem.	2017-12-05 17:36:48+00
76	16	3	Sunt seculaes transferre talis camerarius fluctuies. In hac habitasse platea dictumst. Ut eleifend mauris et risus ultrices egestas. Sunt torquises imitari velox mirabilis medicinaes. Sunt accentores vitare salvus flavum parses. Ut suscipit posuere justo at vulputate. Ubi est barbatus nix. Silva de secundus galatae demitto quadra. Morbi tempus commodo mattis. Vae humani generis. Nunc viverra elit ac laoreet suscipit.	2017-12-05 17:36:44+00
77	16	3	Teres talis saepe tractare de camerarius flavum sensorem. Ut suscipit posuere justo at vulputate. Curabitur aliquam euismod dolor non ornare. Mineralis persuadere omnes finises desiderium. Eposs sunt solems de superbus fortis. Nunc viverra elit ac laoreet suscipit. Sunt seculaes transferre talis camerarius fluctuies.	2017-12-05 17:36:45+00
78	16	3	Nulla porta lobortis ligula vel egestas. Ut eleifend mauris et risus ultrices egestas. Ubi est barbatus nix. Aliquam sodales odio id eleifend tristique. Eposs sunt solems de superbus fortis. Vae humani generis. Nunc viverra elit ac laoreet suscipit. Curabitur aliquam euismod dolor non ornare. Potus sensim ad ferox abnoba. Pellentesque vitae velit ex. Lorem ipsum dolor sit amet consectetur adipiscing elit. Pellentesque et sapien pulvinar consectetur.	2017-12-05 17:36:46+00
79	16	3	Nulla porta lobortis ligula vel egestas. Vae humani generis. Urna nisl sollicitudin id varius orci quam id turpis. Bassus fatalis classiss virtualiter transferre de flavum. Mauris dapibus risus quis suscipit vulputate. Eposs sunt solems de superbus fortis. Pellentesque vitae velit ex. Pellentesque et sapien pulvinar consectetur. Diatrias tolerare tanquam noster caesium. Sunt seculaes transferre talis camerarius fluctuies.	2017-12-05 17:36:47+00
80	16	3	Aliquam sodales odio id eleifend tristique. Ut eleifend mauris et risus ultrices egestas. Nulla porta lobortis ligula vel egestas. Nunc viverra elit ac laoreet suscipit. Sunt seculaes transferre talis camerarius fluctuies. Diatrias tolerare tanquam noster caesium.	2017-12-05 17:36:48+00
81	17	3	Mauris dapibus risus quis suscipit vulputate. Potus sensim ad ferox abnoba. Ubi est barbatus nix. Sed varius a risus eget aliquam. Vae humani generis. Eposs sunt solems de superbus fortis. Sunt torquises imitari velox mirabilis medicinaes. Pellentesque vitae velit ex. Bassus fatalis classiss virtualiter transferre de flavum. Ubi est audax amicitia.	2017-12-05 17:36:44+00
82	17	3	Aliquam sodales odio id eleifend tristique. Nunc viverra elit ac laoreet suscipit. Sed varius a risus eget aliquam. Sunt torquises imitari velox mirabilis medicinaes. Ut eleifend mauris et risus ultrices egestas. Diatrias tolerare tanquam noster caesium.	2017-12-05 17:36:45+00
83	17	3	Sed varius a risus eget aliquam. Mauris dapibus risus quis suscipit vulputate. Curabitur aliquam euismod dolor non ornare. Morbi tempus commodo mattis. Eros diam egestas libero eu vulputate risus. Vae humani generis. Ut eleifend mauris et risus ultrices egestas. Sunt accentores vitare salvus flavum parses. Aliquam sodales odio id eleifend tristique. Diatrias tolerare tanquam noster caesium. Nulla porta lobortis ligula vel egestas. Pellentesque vitae velit ex.	2017-12-05 17:36:46+00
84	17	3	Diatrias tolerare tanquam noster caesium. Potus sensim ad ferox abnoba. Lorem ipsum dolor sit amet consectetur adipiscing elit. Ubi est barbatus nix. Pellentesque vitae velit ex. Sunt accentores vitare salvus flavum parses. Aliquam sodales odio id eleifend tristique. Era brevis ratione est. Pellentesque et sapien pulvinar consectetur. Nulla porta lobortis ligula vel egestas.	2017-12-05 17:36:47+00
85	17	3	Pellentesque et sapien pulvinar consectetur. Urna nisl sollicitudin id varius orci quam id turpis. Lorem ipsum dolor sit amet consectetur adipiscing elit. Curabitur aliquam euismod dolor non ornare. Era brevis ratione est. Ubi est audax amicitia.	2017-12-05 17:36:48+00
86	18	3	Silva de secundus galatae demitto quadra. Nulla porta lobortis ligula vel egestas. Ubi est barbatus nix. Sed varius a risus eget aliquam. Bassus fatalis classiss virtualiter transferre de flavum. Eros diam egestas libero eu vulputate risus.	2017-12-05 17:36:44+00
87	18	3	Bassus fatalis classiss virtualiter transferre de flavum. Sunt torquises imitari velox mirabilis medicinaes. Pellentesque et sapien pulvinar consectetur. Teres talis saepe tractare de camerarius flavum sensorem. Nulla porta lobortis ligula vel egestas. Ut eleifend mauris et risus ultrices egestas. Nunc viverra elit ac laoreet suscipit. Ubi est barbatus nix. Mauris dapibus risus quis suscipit vulputate. Ut suscipit posuere justo at vulputate.	2017-12-05 17:36:45+00
88	18	3	Mineralis persuadere omnes finises desiderium. Pellentesque et sapien pulvinar consectetur. Teres talis saepe tractare de camerarius flavum sensorem. Diatrias tolerare tanquam noster caesium. Morbi tempus commodo mattis. Lorem ipsum dolor sit amet consectetur adipiscing elit. Potus sensim ad ferox abnoba. Mauris dapibus risus quis suscipit vulputate.	2017-12-05 17:36:46+00
89	18	3	Ut eleifend mauris et risus ultrices egestas. Bassus fatalis classiss virtualiter transferre de flavum. Mauris dapibus risus quis suscipit vulputate. Mineralis persuadere omnes finises desiderium. Urna nisl sollicitudin id varius orci quam id turpis. Eposs sunt solems de superbus fortis. Sunt torquises imitari velox mirabilis medicinaes. Sunt accentores vitare salvus flavum parses. Abnobas sunt hilotaes de placidus vita. Morbi tempus commodo mattis. Nunc viverra elit ac laoreet suscipit.	2017-12-05 17:36:47+00
90	18	3	Nulla porta lobortis ligula vel egestas. Vae humani generis. Urna nisl sollicitudin id varius orci quam id turpis. Pellentesque et sapien pulvinar consectetur. Ut suscipit posuere justo at vulputate. Sunt seculaes transferre talis camerarius fluctuies. Eros diam egestas libero eu vulputate risus. Nunc viverra elit ac laoreet suscipit. Curabitur aliquam euismod dolor non ornare. Silva de secundus galatae demitto quadra. Morbi tempus commodo mattis.	2017-12-05 17:36:48+00
91	19	3	Pellentesque et sapien pulvinar consectetur. Aliquam sodales odio id eleifend tristique. Eposs sunt solems de superbus fortis. Nulla porta lobortis ligula vel egestas. Mineralis persuadere omnes finises desiderium. Bassus fatalis classiss virtualiter transferre de flavum. Vae humani generis.	2017-12-05 17:36:44+00
92	19	3	Abnobas sunt hilotaes de placidus vita. Pellentesque vitae velit ex. Eposs sunt solems de superbus fortis. Ubi est audax amicitia. Ut eleifend mauris et risus ultrices egestas. Curabitur aliquam euismod dolor non ornare. Morbi tempus commodo mattis.	2017-12-05 17:36:45+00
93	19	3	Sunt seculaes transferre talis camerarius fluctuies. Sunt accentores vitare salvus flavum parses. Ut suscipit posuere justo at vulputate. Sed varius a risus eget aliquam. Nulla porta lobortis ligula vel egestas. Teres talis saepe tractare de camerarius flavum sensorem. Nunc viverra elit ac laoreet suscipit. Vae humani generis. Pellentesque et sapien pulvinar consectetur. Ut eleifend mauris et risus ultrices egestas. Eposs sunt solems de superbus fortis. Ubi est audax amicitia.	2017-12-05 17:36:46+00
94	19	3	Sed varius a risus eget aliquam. Eposs sunt solems de superbus fortis. Sunt seculaes transferre talis camerarius fluctuies. Potus sensim ad ferox abnoba. Pellentesque vitae velit ex. Lorem ipsum dolor sit amet consectetur adipiscing elit. Teres talis saepe tractare de camerarius flavum sensorem. Pellentesque et sapien pulvinar consectetur. Era brevis ratione est.	2017-12-05 17:36:47+00
95	19	3	Ut suscipit posuere justo at vulputate. Nulla porta lobortis ligula vel egestas. Eposs sunt solems de superbus fortis. Pellentesque vitae velit ex. Pellentesque et sapien pulvinar consectetur. Ut eleifend mauris et risus ultrices egestas.	2017-12-05 17:36:48+00
96	20	3	Bassus fatalis classiss virtualiter transferre de flavum. Mauris dapibus risus quis suscipit vulputate. Morbi tempus commodo mattis. Sunt accentores vitare salvus flavum parses. Sunt torquises imitari velox mirabilis medicinaes. Teres talis saepe tractare de camerarius flavum sensorem. Ubi est barbatus nix. Pellentesque et sapien pulvinar consectetur. Sed varius a risus eget aliquam. Eros diam egestas libero eu vulputate risus.	2017-12-05 17:36:44+00
97	20	3	Teres talis saepe tractare de camerarius flavum sensorem. Eposs sunt solems de superbus fortis. Nulla porta lobortis ligula vel egestas. Mauris dapibus risus quis suscipit vulputate. Bassus fatalis classiss virtualiter transferre de flavum. Sunt seculaes transferre talis camerarius fluctuies. Mineralis persuadere omnes finises desiderium. Eros diam egestas libero eu vulputate risus.	2017-12-05 17:36:45+00
98	20	3	Ut eleifend mauris et risus ultrices egestas. Pellentesque vitae velit ex. Aliquam sodales odio id eleifend tristique. Sunt seculaes transferre talis camerarius fluctuies. Lorem ipsum dolor sit amet consectetur adipiscing elit. Urna nisl sollicitudin id varius orci quam id turpis. Mauris dapibus risus quis suscipit vulputate. Ubi est barbatus nix. Pellentesque et sapien pulvinar consectetur.	2017-12-05 17:36:46+00
99	20	3	Nunc viverra elit ac laoreet suscipit. Sed varius a risus eget aliquam. Urna nisl sollicitudin id varius orci quam id turpis. Mineralis persuadere omnes finises desiderium. Morbi tempus commodo mattis. Curabitur aliquam euismod dolor non ornare. Potus sensim ad ferox abnoba. Era brevis ratione est. Sunt accentores vitare salvus flavum parses. Mauris dapibus risus quis suscipit vulputate. Sunt seculaes transferre talis camerarius fluctuies.	2017-12-05 17:36:47+00
100	20	3	Potus sensim ad ferox abnoba. Vae humani generis. Nulla porta lobortis ligula vel egestas. Mineralis persuadere omnes finises desiderium. Pellentesque et sapien pulvinar consectetur. Pellentesque vitae velit ex. Lorem ipsum dolor sit amet consectetur adipiscing elit. Abnobas sunt hilotaes de placidus vita. Teres talis saepe tractare de camerarius flavum sensorem.	2017-12-05 17:36:48+00
101	21	3	Pellentesque vitae velit ex. Morbi tempus commodo mattis. Sunt seculaes transferre talis camerarius fluctuies. Bassus fatalis classiss virtualiter transferre de flavum. Ut eleifend mauris et risus ultrices egestas. Sunt torquises imitari velox mirabilis medicinaes. Era brevis ratione est. Sed varius a risus eget aliquam.	2017-12-05 17:36:44+00
102	21	3	Pellentesque vitae velit ex. Mineralis persuadere omnes finises desiderium. Sunt seculaes transferre talis camerarius fluctuies. Lorem ipsum dolor sit amet consectetur adipiscing elit. Abnobas sunt hilotaes de placidus vita. In hac habitasse platea dictumst. Aliquam sodales odio id eleifend tristique. Mauris dapibus risus quis suscipit vulputate. Eros diam egestas libero eu vulputate risus. Morbi tempus commodo mattis. Diatrias tolerare tanquam noster caesium.	2017-12-05 17:36:45+00
103	21	3	Lorem ipsum dolor sit amet consectetur adipiscing elit. Sunt accentores vitare salvus flavum parses. Eros diam egestas libero eu vulputate risus. Teres talis saepe tractare de camerarius flavum sensorem. Morbi tempus commodo mattis. Ut eleifend mauris et risus ultrices egestas. Nulla porta lobortis ligula vel egestas.	2017-12-05 17:36:46+00
104	21	3	Sunt accentores vitare salvus flavum parses. Aliquam sodales odio id eleifend tristique. Nunc viverra elit ac laoreet suscipit. Pellentesque et sapien pulvinar consectetur. Pellentesque vitae velit ex. Sunt torquises imitari velox mirabilis medicinaes.	2017-12-05 17:36:47+00
105	21	3	Nunc viverra elit ac laoreet suscipit. Sunt accentores vitare salvus flavum parses. Curabitur aliquam euismod dolor non ornare. Pellentesque vitae velit ex. Ut suscipit posuere justo at vulputate. Vae humani generis. Ubi est audax amicitia. Eposs sunt solems de superbus fortis. Urna nisl sollicitudin id varius orci quam id turpis. Abnobas sunt hilotaes de placidus vita.	2017-12-05 17:36:48+00
106	22	3	Pellentesque et sapien pulvinar consectetur. Bassus fatalis classiss virtualiter transferre de flavum. Ut eleifend mauris et risus ultrices egestas. Teres talis saepe tractare de camerarius flavum sensorem. Diatrias tolerare tanquam noster caesium.	2017-12-05 17:36:44+00
107	22	3	Aliquam sodales odio id eleifend tristique. Eposs sunt solems de superbus fortis. Era brevis ratione est. Vae humani generis. Diatrias tolerare tanquam noster caesium. Nulla porta lobortis ligula vel egestas. Lorem ipsum dolor sit amet consectetur adipiscing elit. Abnobas sunt hilotaes de placidus vita. Ubi est audax amicitia. Sed varius a risus eget aliquam. Morbi tempus commodo mattis.	2017-12-05 17:36:45+00
108	22	3	Eros diam egestas libero eu vulputate risus. Silva de secundus galatae demitto quadra. Ut eleifend mauris et risus ultrices egestas. Sunt seculaes transferre talis camerarius fluctuies. Pellentesque et sapien pulvinar consectetur. Vae humani generis. Nunc viverra elit ac laoreet suscipit.	2017-12-05 17:36:46+00
109	22	3	Teres talis saepe tractare de camerarius flavum sensorem. Pellentesque et sapien pulvinar consectetur. Diatrias tolerare tanquam noster caesium. Sunt torquises imitari velox mirabilis medicinaes. Sunt accentores vitare salvus flavum parses. Ut eleifend mauris et risus ultrices egestas. Potus sensim ad ferox abnoba.	2017-12-05 17:36:47+00
110	22	3	Bassus fatalis classiss virtualiter transferre de flavum. Aliquam sodales odio id eleifend tristique. Pellentesque et sapien pulvinar consectetur. Nunc viverra elit ac laoreet suscipit. Sunt torquises imitari velox mirabilis medicinaes. Teres talis saepe tractare de camerarius flavum sensorem. Vae humani generis. Eposs sunt solems de superbus fortis. Morbi tempus commodo mattis.	2017-12-05 17:36:48+00
111	23	3	Teres talis saepe tractare de camerarius flavum sensorem. In hac habitasse platea dictumst. Era brevis ratione est. Eros diam egestas libero eu vulputate risus. Sed varius a risus eget aliquam. Nunc viverra elit ac laoreet suscipit. Abnobas sunt hilotaes de placidus vita.	2017-12-05 17:36:44+00
112	23	3	Lorem ipsum dolor sit amet consectetur adipiscing elit. Potus sensim ad ferox abnoba. Curabitur aliquam euismod dolor non ornare. Sunt torquises imitari velox mirabilis medicinaes. Urna nisl sollicitudin id varius orci quam id turpis. In hac habitasse platea dictumst.	2017-12-05 17:36:45+00
113	23	3	Nulla porta lobortis ligula vel egestas. Diatrias tolerare tanquam noster caesium. Sunt torquises imitari velox mirabilis medicinaes. Ubi est audax amicitia. Potus sensim ad ferox abnoba. Pellentesque vitae velit ex. Eros diam egestas libero eu vulputate risus. Ut suscipit posuere justo at vulputate. Teres talis saepe tractare de camerarius flavum sensorem. Mauris dapibus risus quis suscipit vulputate. Mineralis persuadere omnes finises desiderium. In hac habitasse platea dictumst.	2017-12-05 17:36:46+00
114	23	3	Ut eleifend mauris et risus ultrices egestas. Pellentesque vitae velit ex. Bassus fatalis classiss virtualiter transferre de flavum. Curabitur aliquam euismod dolor non ornare. In hac habitasse platea dictumst. Lorem ipsum dolor sit amet consectetur adipiscing elit. Pellentesque et sapien pulvinar consectetur. Eposs sunt solems de superbus fortis. Ubi est audax amicitia. Sunt accentores vitare salvus flavum parses.	2017-12-05 17:36:47+00
115	23	3	Silva de secundus galatae demitto quadra. Vae humani generis. Ubi est barbatus nix. Ubi est audax amicitia. Mauris dapibus risus quis suscipit vulputate. Urna nisl sollicitudin id varius orci quam id turpis. Pellentesque et sapien pulvinar consectetur. Nunc viverra elit ac laoreet suscipit.	2017-12-05 17:36:48+00
116	24	3	Eposs sunt solems de superbus fortis. Sed varius a risus eget aliquam. Ut suscipit posuere justo at vulputate. Pellentesque vitae velit ex. Sunt seculaes transferre talis camerarius fluctuies. Curabitur aliquam euismod dolor non ornare. Ut eleifend mauris et risus ultrices egestas. Morbi tempus commodo mattis. Sunt accentores vitare salvus flavum parses. Bassus fatalis classiss virtualiter transferre de flavum. Ubi est barbatus nix.	2017-12-05 17:36:44+00
117	24	3	Aliquam sodales odio id eleifend tristique. Sunt torquises imitari velox mirabilis medicinaes. Urna nisl sollicitudin id varius orci quam id turpis. Era brevis ratione est. Potus sensim ad ferox abnoba. Bassus fatalis classiss virtualiter transferre de flavum. Mineralis persuadere omnes finises desiderium. Curabitur aliquam euismod dolor non ornare. Diatrias tolerare tanquam noster caesium.	2017-12-05 17:36:45+00
118	24	3	Eros diam egestas libero eu vulputate risus. Morbi tempus commodo mattis. In hac habitasse platea dictumst. Sunt torquises imitari velox mirabilis medicinaes. Ut eleifend mauris et risus ultrices egestas. Pellentesque vitae velit ex. Teres talis saepe tractare de camerarius flavum sensorem. Lorem ipsum dolor sit amet consectetur adipiscing elit. Ubi est barbatus nix.	2017-12-05 17:36:46+00
119	24	3	Urna nisl sollicitudin id varius orci quam id turpis. Curabitur aliquam euismod dolor non ornare. Ubi est barbatus nix. Pellentesque vitae velit ex. Abnobas sunt hilotaes de placidus vita. Sunt torquises imitari velox mirabilis medicinaes. Eposs sunt solems de superbus fortis. Ubi est audax amicitia. Morbi tempus commodo mattis.	2017-12-05 17:36:47+00
120	24	3	Vae humani generis. Eros diam egestas libero eu vulputate risus. Pellentesque vitae velit ex. Curabitur aliquam euismod dolor non ornare. Sunt seculaes transferre talis camerarius fluctuies. Mauris dapibus risus quis suscipit vulputate. Mineralis persuadere omnes finises desiderium.	2017-12-05 17:36:48+00
121	25	3	Eposs sunt solems de superbus fortis. In hac habitasse platea dictumst. Ubi est audax amicitia. Mineralis persuadere omnes finises desiderium. Pellentesque vitae velit ex. Aliquam sodales odio id eleifend tristique. Eros diam egestas libero eu vulputate risus. Sunt seculaes transferre talis camerarius fluctuies. Ut eleifend mauris et risus ultrices egestas. Diatrias tolerare tanquam noster caesium. Era brevis ratione est.	2017-12-05 17:36:44+00
122	25	3	Abnobas sunt hilotaes de placidus vita. Diatrias tolerare tanquam noster caesium. Ubi est audax amicitia. Vae humani generis. Ubi est barbatus nix. Mauris dapibus risus quis suscipit vulputate. Urna nisl sollicitudin id varius orci quam id turpis. Potus sensim ad ferox abnoba. Nulla porta lobortis ligula vel egestas. Curabitur aliquam euismod dolor non ornare. Pellentesque et sapien pulvinar consectetur. Silva de secundus galatae demitto quadra. Sunt accentores vitare salvus flavum parses.	2017-12-05 17:36:45+00
123	25	3	Morbi tempus commodo mattis. Vae humani generis. Nunc viverra elit ac laoreet suscipit. Abnobas sunt hilotaes de placidus vita. Teres talis saepe tractare de camerarius flavum sensorem. Silva de secundus galatae demitto quadra. Era brevis ratione est. Sunt torquises imitari velox mirabilis medicinaes. Urna nisl sollicitudin id varius orci quam id turpis. Mauris dapibus risus quis suscipit vulputate.	2017-12-05 17:36:46+00
124	25	3	Ubi est barbatus nix. In hac habitasse platea dictumst. Nunc viverra elit ac laoreet suscipit. Curabitur aliquam euismod dolor non ornare. Abnobas sunt hilotaes de placidus vita. Ut suscipit posuere justo at vulputate. Era brevis ratione est. Pellentesque et sapien pulvinar consectetur. Diatrias tolerare tanquam noster caesium.	2017-12-05 17:36:47+00
125	25	3	Bassus fatalis classiss virtualiter transferre de flavum. Abnobas sunt hilotaes de placidus vita. Mauris dapibus risus quis suscipit vulputate. Ut eleifend mauris et risus ultrices egestas. Nulla porta lobortis ligula vel egestas. Silva de secundus galatae demitto quadra. Eros diam egestas libero eu vulputate risus. Diatrias tolerare tanquam noster caesium. Sunt accentores vitare salvus flavum parses. Teres talis saepe tractare de camerarius flavum sensorem.	2017-12-05 17:36:48+00
126	26	3	Sunt seculaes transferre talis camerarius fluctuies. Sunt accentores vitare salvus flavum parses. Ubi est barbatus nix. Mauris dapibus risus quis suscipit vulputate. Urna nisl sollicitudin id varius orci quam id turpis. Ubi est audax amicitia. Sunt torquises imitari velox mirabilis medicinaes. Mineralis persuadere omnes finises desiderium. Morbi tempus commodo mattis. Curabitur aliquam euismod dolor non ornare. Sed varius a risus eget aliquam. Nulla porta lobortis ligula vel egestas.	2017-12-05 17:36:44+00
127	26	3	Ubi est audax amicitia. Ut suscipit posuere justo at vulputate. Vae humani generis. Ut eleifend mauris et risus ultrices egestas. Sunt seculaes transferre talis camerarius fluctuies. Sed varius a risus eget aliquam. Lorem ipsum dolor sit amet consectetur adipiscing elit. Eros diam egestas libero eu vulputate risus. In hac habitasse platea dictumst. Sunt accentores vitare salvus flavum parses. Mineralis persuadere omnes finises desiderium.	2017-12-05 17:36:45+00
147	30	3	Lorem ipsum dolor sit amet consectetur adipiscing elit. Bassus fatalis classiss virtualiter transferre de flavum. Pellentesque vitae velit ex. Eposs sunt solems de superbus fortis. Urna nisl sollicitudin id varius orci quam id turpis. Sunt seculaes transferre talis camerarius fluctuies. Sed varius a risus eget aliquam.	2017-12-05 17:36:45+00
128	26	3	Aliquam sodales odio id eleifend tristique. Ut eleifend mauris et risus ultrices egestas. Sunt seculaes transferre talis camerarius fluctuies. Ut suscipit posuere justo at vulputate. Sunt accentores vitare salvus flavum parses. Lorem ipsum dolor sit amet consectetur adipiscing elit. In hac habitasse platea dictumst. Diatrias tolerare tanquam noster caesium. Pellentesque et sapien pulvinar consectetur.	2017-12-05 17:36:46+00
129	26	3	Ubi est barbatus nix. Bassus fatalis classiss virtualiter transferre de flavum. Morbi tempus commodo mattis. Mauris dapibus risus quis suscipit vulputate. Pellentesque et sapien pulvinar consectetur. Nunc viverra elit ac laoreet suscipit.	2017-12-05 17:36:47+00
130	26	3	In hac habitasse platea dictumst. Sed varius a risus eget aliquam. Mauris dapibus risus quis suscipit vulputate. Ut suscipit posuere justo at vulputate. Morbi tempus commodo mattis. Vae humani generis. Sunt torquises imitari velox mirabilis medicinaes. Teres talis saepe tractare de camerarius flavum sensorem. Mineralis persuadere omnes finises desiderium.	2017-12-05 17:36:48+00
131	27	3	Mauris dapibus risus quis suscipit vulputate. Eros diam egestas libero eu vulputate risus. Ut suscipit posuere justo at vulputate. Potus sensim ad ferox abnoba. Vae humani generis. Ubi est audax amicitia. In hac habitasse platea dictumst. Pellentesque vitae velit ex. Abnobas sunt hilotaes de placidus vita.	2017-12-05 17:36:44+00
132	27	3	Pellentesque et sapien pulvinar consectetur. Sunt accentores vitare salvus flavum parses. Aliquam sodales odio id eleifend tristique. Era brevis ratione est. Vae humani generis. Ut suscipit posuere justo at vulputate. Sunt seculaes transferre talis camerarius fluctuies. Mineralis persuadere omnes finises desiderium. Urna nisl sollicitudin id varius orci quam id turpis. Ubi est audax amicitia. Mauris dapibus risus quis suscipit vulputate.	2017-12-05 17:36:45+00
133	27	3	Sunt accentores vitare salvus flavum parses. Curabitur aliquam euismod dolor non ornare. Eros diam egestas libero eu vulputate risus. Vae humani generis. Potus sensim ad ferox abnoba. Diatrias tolerare tanquam noster caesium. In hac habitasse platea dictumst. Lorem ipsum dolor sit amet consectetur adipiscing elit. Era brevis ratione est.	2017-12-05 17:36:46+00
134	27	3	Sunt torquises imitari velox mirabilis medicinaes. Era brevis ratione est. Teres talis saepe tractare de camerarius flavum sensorem. Eposs sunt solems de superbus fortis. Pellentesque et sapien pulvinar consectetur. Abnobas sunt hilotaes de placidus vita. Morbi tempus commodo mattis. Bassus fatalis classiss virtualiter transferre de flavum. Ubi est audax amicitia.	2017-12-05 17:36:47+00
135	27	3	In hac habitasse platea dictumst. Ubi est audax amicitia. Mineralis persuadere omnes finises desiderium. Mauris dapibus risus quis suscipit vulputate. Era brevis ratione est. Pellentesque et sapien pulvinar consectetur. Sunt seculaes transferre talis camerarius fluctuies. Urna nisl sollicitudin id varius orci quam id turpis. Aliquam sodales odio id eleifend tristique. Curabitur aliquam euismod dolor non ornare. Ut suscipit posuere justo at vulputate.	2017-12-05 17:36:48+00
136	28	3	Pellentesque vitae velit ex. Ut suscipit posuere justo at vulputate. Silva de secundus galatae demitto quadra. Mineralis persuadere omnes finises desiderium. Nunc viverra elit ac laoreet suscipit. Eros diam egestas libero eu vulputate risus. Sed varius a risus eget aliquam.	2017-12-05 17:36:44+00
137	28	3	Eros diam egestas libero eu vulputate risus. Ubi est audax amicitia. In hac habitasse platea dictumst. Mineralis persuadere omnes finises desiderium. Eposs sunt solems de superbus fortis. Bassus fatalis classiss virtualiter transferre de flavum. Vae humani generis.	2017-12-05 17:36:45+00
138	28	3	Pellentesque et sapien pulvinar consectetur. Eros diam egestas libero eu vulputate risus. Nunc viverra elit ac laoreet suscipit. Eposs sunt solems de superbus fortis. Teres talis saepe tractare de camerarius flavum sensorem. Sunt seculaes transferre talis camerarius fluctuies.	2017-12-05 17:36:46+00
139	28	3	Pellentesque vitae velit ex. Nulla porta lobortis ligula vel egestas. Mauris dapibus risus quis suscipit vulputate. Teres talis saepe tractare de camerarius flavum sensorem. Nunc viverra elit ac laoreet suscipit. Sunt accentores vitare salvus flavum parses. Eros diam egestas libero eu vulputate risus. Lorem ipsum dolor sit amet consectetur adipiscing elit.	2017-12-05 17:36:47+00
140	28	3	Pellentesque vitae velit ex. Eros diam egestas libero eu vulputate risus. Morbi tempus commodo mattis. Bassus fatalis classiss virtualiter transferre de flavum. Sunt seculaes transferre talis camerarius fluctuies. Nulla porta lobortis ligula vel egestas. Lorem ipsum dolor sit amet consectetur adipiscing elit. Sunt torquises imitari velox mirabilis medicinaes.	2017-12-05 17:36:48+00
141	29	3	Pellentesque vitae velit ex. Ubi est barbatus nix. Eposs sunt solems de superbus fortis. Silva de secundus galatae demitto quadra. Vae humani generis. Diatrias tolerare tanquam noster caesium. Ut eleifend mauris et risus ultrices egestas. Pellentesque et sapien pulvinar consectetur. Sunt torquises imitari velox mirabilis medicinaes. Ubi est audax amicitia. Abnobas sunt hilotaes de placidus vita. Mineralis persuadere omnes finises desiderium. Mauris dapibus risus quis suscipit vulputate.	2017-12-05 17:36:44+00
142	29	3	Mauris dapibus risus quis suscipit vulputate. In hac habitasse platea dictumst. Urna nisl sollicitudin id varius orci quam id turpis. Sed varius a risus eget aliquam. Curabitur aliquam euismod dolor non ornare. Ubi est audax amicitia. Ubi est barbatus nix. Aliquam sodales odio id eleifend tristique. Pellentesque et sapien pulvinar consectetur. Abnobas sunt hilotaes de placidus vita. Ut suscipit posuere justo at vulputate.	2017-12-05 17:36:45+00
143	29	3	Mineralis persuadere omnes finises desiderium. Curabitur aliquam euismod dolor non ornare. Sunt accentores vitare salvus flavum parses. In hac habitasse platea dictumst. Ut eleifend mauris et risus ultrices egestas. Nulla porta lobortis ligula vel egestas.	2017-12-05 17:36:46+00
144	29	3	Potus sensim ad ferox abnoba. Abnobas sunt hilotaes de placidus vita. Era brevis ratione est. Vae humani generis. Mauris dapibus risus quis suscipit vulputate. Ubi est audax amicitia. Nulla porta lobortis ligula vel egestas. Teres talis saepe tractare de camerarius flavum sensorem. Eros diam egestas libero eu vulputate risus. Urna nisl sollicitudin id varius orci quam id turpis. In hac habitasse platea dictumst.	2017-12-05 17:36:47+00
145	29	3	Ubi est barbatus nix. In hac habitasse platea dictumst. Diatrias tolerare tanquam noster caesium. Nulla porta lobortis ligula vel egestas. Sunt torquises imitari velox mirabilis medicinaes. Sed varius a risus eget aliquam. Pellentesque et sapien pulvinar consectetur. Morbi tempus commodo mattis. Eros diam egestas libero eu vulputate risus. Mauris dapibus risus quis suscipit vulputate. Nunc viverra elit ac laoreet suscipit.	2017-12-05 17:36:48+00
146	30	3	Curabitur aliquam euismod dolor non ornare. Potus sensim ad ferox abnoba. Sunt accentores vitare salvus flavum parses. Ubi est audax amicitia. Ubi est barbatus nix. Bassus fatalis classiss virtualiter transferre de flavum. Ut suscipit posuere justo at vulputate. In hac habitasse platea dictumst. Diatrias tolerare tanquam noster caesium.	2017-12-05 17:36:44+00
148	30	3	Lorem ipsum dolor sit amet consectetur adipiscing elit. Abnobas sunt hilotaes de placidus vita. Mineralis persuadere omnes finises desiderium. In hac habitasse platea dictumst. Ut eleifend mauris et risus ultrices egestas. Nulla porta lobortis ligula vel egestas. Aliquam sodales odio id eleifend tristique. Bassus fatalis classiss virtualiter transferre de flavum. Sunt accentores vitare salvus flavum parses.	2017-12-05 17:36:46+00
149	30	3	Nulla porta lobortis ligula vel egestas. Teres talis saepe tractare de camerarius flavum sensorem. Sunt accentores vitare salvus flavum parses. Ut suscipit posuere justo at vulputate. Eposs sunt solems de superbus fortis. Curabitur aliquam euismod dolor non ornare. Bassus fatalis classiss virtualiter transferre de flavum. Silva de secundus galatae demitto quadra. Sunt torquises imitari velox mirabilis medicinaes. Nunc viverra elit ac laoreet suscipit. Sed varius a risus eget aliquam.	2017-12-05 17:36:47+00
150	30	3	Ubi est barbatus nix. Ubi est audax amicitia. Abnobas sunt hilotaes de placidus vita. Bassus fatalis classiss virtualiter transferre de flavum. Sunt seculaes transferre talis camerarius fluctuies. Urna nisl sollicitudin id varius orci quam id turpis. Sunt torquises imitari velox mirabilis medicinaes.	2017-12-05 17:36:48+00
\.


--
-- Data for Name: symfony_demo_post; Type: TABLE DATA; Schema: public; Owner: -
--

COPY public.symfony_demo_post (id, author_id, title, slug, summary, content, published_at) FROM stdin;
1	1	Lorem ipsum dolor sit amet consectetur adipiscing elit	lorem-ipsum-dolor-sit-amet-consectetur-adipiscing-elit	Ut suscipit posuere justo at vulputate. Aliquam sodales odio id eleifend tristique. Potus sensim ad ferox abnoba. Teres talis saepe tractare de camerarius flavum sensorem. Silva de secundus galatae demitto quadra.	Lorem ipsum dolor sit amet consectetur adipisicing elit, sed do eiusmod tempor\nincididunt ut labore et **dolore magna aliqua**: Duis aute irure dolor in\nreprehenderit in voluptate velit esse cillum dolore eu fugiat nulla pariatur.\nExcepteur sint occaecat cupidatat non proident, sunt in culpa qui officia\ndeserunt mollit anim id est laborum.\n\n  * Ut enim ad minim veniam\n  * Quis nostrud exercitation *ullamco laboris*\n  * Nisi ut aliquip ex ea commodo consequat\n\nPraesent id fermentum lorem. Ut est lorem, fringilla at accumsan nec, euismod at\nnunc. Aenean mattis sollicitudin mattis. Nullam pulvinar vestibulum bibendum.\nClass aptent taciti sociosqu ad litora torquent per conubia nostra, per inceptos\nhimenaeos. Fusce nulla purus, gravida ac interdum ut, blandit eget ex. Duis a\nluctus dolor.\n\nInteger auctor massa maximus nulla scelerisque accumsan. *Aliquam ac malesuada*\nex. Pellentesque tortor magna, vulputate eu vulputate ut, venenatis ac lectus.\nPraesent ut lacinia sem. Mauris a lectus eget felis mollis feugiat. Quisque\nefficitur, mi ut semper pulvinar, urna urna blandit massa, eget tincidunt augue\nnulla vitae est.\n\nUt posuere aliquet tincidunt. Aliquam erat volutpat. **Class aptent taciti**\nsociosqu ad litora torquent per conubia nostra, per inceptos himenaeos. Morbi\narcu orci, gravida eget aliquam eu, suscipit et ante. Morbi vulputate metus vel\nipsum finibus, ut dapibus massa feugiat. Vestibulum vel lobortis libero. Sed\ntincidunt tellus et viverra scelerisque. Pellentesque tincidunt cursus felis.\nSed in egestas erat.\n\nAliquam pulvinar interdum massa, vel ullamcorper ante consectetur eu. Vestibulum\nlacinia ac enim vel placerat. Integer pulvinar magna nec dui malesuada, nec\ncongue nisl dictum. Donec mollis nisl tortor, at congue erat consequat a. Nam\ntempus elit porta, blandit elit vel, viverra lorem. Sed sit amet tellus\ntincidunt, faucibus nisl in, aliquet libero.	2017-12-05 17:36:43+00
2	1	Pellentesque vitae velit ex	pellentesque-vitae-velit-ex	Ubi est barbatus nix. Lorem ipsum dolor sit amet consectetur adipiscing elit. Urna nisl sollicitudin id varius orci quam id turpis. Curabitur aliquam euismod dolor non ornare. Bassus fatalis classiss virtualiter transferre de flavum.	Lorem ipsum dolor sit amet consectetur adipisicing elit, sed do eiusmod tempor\nincididunt ut labore et **dolore magna aliqua**: Duis aute irure dolor in\nreprehenderit in voluptate velit esse cillum dolore eu fugiat nulla pariatur.\nExcepteur sint occaecat cupidatat non proident, sunt in culpa qui officia\ndeserunt mollit anim id est laborum.\n\n  * Ut enim ad minim veniam\n  * Quis nostrud exercitation *ullamco laboris*\n  * Nisi ut aliquip ex ea commodo consequat\n\nPraesent id fermentum lorem. Ut est lorem, fringilla at accumsan nec, euismod at\nnunc. Aenean mattis sollicitudin mattis. Nullam pulvinar vestibulum bibendum.\nClass aptent taciti sociosqu ad litora torquent per conubia nostra, per inceptos\nhimenaeos. Fusce nulla purus, gravida ac interdum ut, blandit eget ex. Duis a\nluctus dolor.\n\nInteger auctor massa maximus nulla scelerisque accumsan. *Aliquam ac malesuada*\nex. Pellentesque tortor magna, vulputate eu vulputate ut, venenatis ac lectus.\nPraesent ut lacinia sem. Mauris a lectus eget felis mollis feugiat. Quisque\nefficitur, mi ut semper pulvinar, urna urna blandit massa, eget tincidunt augue\nnulla vitae est.\n\nUt posuere aliquet tincidunt. Aliquam erat volutpat. **Class aptent taciti**\nsociosqu ad litora torquent per conubia nostra, per inceptos himenaeos. Morbi\narcu orci, gravida eget aliquam eu, suscipit et ante. Morbi vulputate metus vel\nipsum finibus, ut dapibus massa feugiat. Vestibulum vel lobortis libero. Sed\ntincidunt tellus et viverra scelerisque. Pellentesque tincidunt cursus felis.\nSed in egestas erat.\n\nAliquam pulvinar interdum massa, vel ullamcorper ante consectetur eu. Vestibulum\nlacinia ac enim vel placerat. Integer pulvinar magna nec dui malesuada, nec\ncongue nisl dictum. Donec mollis nisl tortor, at congue erat consequat a. Nam\ntempus elit porta, blandit elit vel, viverra lorem. Sed sit amet tellus\ntincidunt, faucibus nisl in, aliquet libero.	2017-12-04 17:36:43+00
3	2	Mauris dapibus risus quis suscipit vulputate	mauris-dapibus-risus-quis-suscipit-vulputate	Morbi tempus commodo mattis. Ut suscipit posuere justo at vulputate. Ubi est barbatus nix. Eposs sunt solems de superbus fortis. Eros diam egestas libero eu vulputate risus. Sunt torquises imitari velox mirabilis medicinaes.	Lorem ipsum dolor sit amet consectetur adipisicing elit, sed do eiusmod tempor\nincididunt ut labore et **dolore magna aliqua**: Duis aute irure dolor in\nreprehenderit in voluptate velit esse cillum dolore eu fugiat nulla pariatur.\nExcepteur sint occaecat cupidatat non proident, sunt in culpa qui officia\ndeserunt mollit anim id est laborum.\n\n  * Ut enim ad minim veniam\n  * Quis nostrud exercitation *ullamco laboris*\n  * Nisi ut aliquip ex ea commodo consequat\n\nPraesent id fermentum lorem. Ut est lorem, fringilla at accumsan nec, euismod at\nnunc. Aenean mattis sollicitudin mattis. Nullam pulvinar vestibulum bibendum.\nClass aptent taciti sociosqu ad litora torquent per conubia nostra, per inceptos\nhimenaeos. Fusce nulla purus, gravida ac interdum ut, blandit eget ex. Duis a\nluctus dolor.\n\nInteger auctor massa maximus nulla scelerisque accumsan. *Aliquam ac malesuada*\nex. Pellentesque tortor magna, vulputate eu vulputate ut, venenatis ac lectus.\nPraesent ut lacinia sem. Mauris a lectus eget felis mollis feugiat. Quisque\nefficitur, mi ut semper pulvinar, urna urna blandit massa, eget tincidunt augue\nnulla vitae est.\n\nUt posuere aliquet tincidunt. Aliquam erat volutpat. **Class aptent taciti**\nsociosqu ad litora torquent per conubia nostra, per inceptos himenaeos. Morbi\narcu orci, gravida eget aliquam eu, suscipit et ante. Morbi vulputate metus vel\nipsum finibus, ut dapibus massa feugiat. Vestibulum vel lobortis libero. Sed\ntincidunt tellus et viverra scelerisque. Pellentesque tincidunt cursus felis.\nSed in egestas erat.\n\nAliquam pulvinar interdum massa, vel ullamcorper ante consectetur eu. Vestibulum\nlacinia ac enim vel placerat. Integer pulvinar magna nec dui malesuada, nec\ncongue nisl dictum. Donec mollis nisl tortor, at congue erat consequat a. Nam\ntempus elit porta, blandit elit vel, viverra lorem. Sed sit amet tellus\ntincidunt, faucibus nisl in, aliquet libero.	2017-12-03 17:36:43+00
4	1	Eros diam egestas libero eu vulputate risus	eros-diam-egestas-libero-eu-vulputate-risus	Pellentesque vitae velit ex. Teres talis saepe tractare de camerarius flavum sensorem. Nulla porta lobortis ligula vel egestas. Pellentesque et sapien pulvinar consectetur. Aliquam sodales odio id eleifend tristique.	Lorem ipsum dolor sit amet consectetur adipisicing elit, sed do eiusmod tempor\nincididunt ut labore et **dolore magna aliqua**: Duis aute irure dolor in\nreprehenderit in voluptate velit esse cillum dolore eu fugiat nulla pariatur.\nExcepteur sint occaecat cupidatat non proident, sunt in culpa qui officia\ndeserunt mollit anim id est laborum.\n\n  * Ut enim ad minim veniam\n  * Quis nostrud exercitation *ullamco laboris*\n  * Nisi ut aliquip ex ea commodo consequat\n\nPraesent id fermentum lorem. Ut est lorem, fringilla at accumsan nec, euismod at\nnunc. Aenean mattis sollicitudin mattis. Nullam pulvinar vestibulum bibendum.\nClass aptent taciti sociosqu ad litora torquent per conubia nostra, per inceptos\nhimenaeos. Fusce nulla purus, gravida ac interdum ut, blandit eget ex. Duis a\nluctus dolor.\n\nInteger auctor massa maximus nulla scelerisque accumsan. *Aliquam ac malesuada*\nex. Pellentesque tortor magna, vulputate eu vulputate ut, venenatis ac lectus.\nPraesent ut lacinia sem. Mauris a lectus eget felis mollis feugiat. Quisque\nefficitur, mi ut semper pulvinar, urna urna blandit massa, eget tincidunt augue\nnulla vitae est.\n\nUt posuere aliquet tincidunt. Aliquam erat volutpat. **Class aptent taciti**\nsociosqu ad litora torquent per conubia nostra, per inceptos himenaeos. Morbi\narcu orci, gravida eget aliquam eu, suscipit et ante. Morbi vulputate metus vel\nipsum finibus, ut dapibus massa feugiat. Vestibulum vel lobortis libero. Sed\ntincidunt tellus et viverra scelerisque. Pellentesque tincidunt cursus felis.\nSed in egestas erat.\n\nAliquam pulvinar interdum massa, vel ullamcorper ante consectetur eu. Vestibulum\nlacinia ac enim vel placerat. Integer pulvinar magna nec dui malesuada, nec\ncongue nisl dictum. Donec mollis nisl tortor, at congue erat consequat a. Nam\ntempus elit porta, blandit elit vel, viverra lorem. Sed sit amet tellus\ntincidunt, faucibus nisl in, aliquet libero.	2017-12-02 17:36:43+00
5	1	In hac habitasse platea dictumst	in-hac-habitasse-platea-dictumst	Urna nisl sollicitudin id varius orci quam id turpis. Potus sensim ad ferox abnoba. Mineralis persuadere omnes finises desiderium. Silva de secundus galatae demitto quadra. Curabitur aliquam euismod dolor non ornare. Pellentesque vitae velit ex.	Lorem ipsum dolor sit amet consectetur adipisicing elit, sed do eiusmod tempor\nincididunt ut labore et **dolore magna aliqua**: Duis aute irure dolor in\nreprehenderit in voluptate velit esse cillum dolore eu fugiat nulla pariatur.\nExcepteur sint occaecat cupidatat non proident, sunt in culpa qui officia\ndeserunt mollit anim id est laborum.\n\n  * Ut enim ad minim veniam\n  * Quis nostrud exercitation *ullamco laboris*\n  * Nisi ut aliquip ex ea commodo consequat\n\nPraesent id fermentum lorem. Ut est lorem, fringilla at accumsan nec, euismod at\nnunc. Aenean mattis sollicitudin mattis. Nullam pulvinar vestibulum bibendum.\nClass aptent taciti sociosqu ad litora torquent per conubia nostra, per inceptos\nhimenaeos. Fusce nulla purus, gravida ac interdum ut, blandit eget ex. Duis a\nluctus dolor.\n\nInteger auctor massa maximus nulla scelerisque accumsan. *Aliquam ac malesuada*\nex. Pellentesque tortor magna, vulputate eu vulputate ut, venenatis ac lectus.\nPraesent ut lacinia sem. Mauris a lectus eget felis mollis feugiat. Quisque\nefficitur, mi ut semper pulvinar, urna urna blandit massa, eget tincidunt augue\nnulla vitae est.\n\nUt posuere aliquet tincidunt. Aliquam erat volutpat. **Class aptent taciti**\nsociosqu ad litora torquent per conubia nostra, per inceptos himenaeos. Morbi\narcu orci, gravida eget aliquam eu, suscipit et ante. Morbi vulputate metus vel\nipsum finibus, ut dapibus massa feugiat. Vestibulum vel lobortis libero. Sed\ntincidunt tellus et viverra scelerisque. Pellentesque tincidunt cursus felis.\nSed in egestas erat.\n\nAliquam pulvinar interdum massa, vel ullamcorper ante consectetur eu. Vestibulum\nlacinia ac enim vel placerat. Integer pulvinar magna nec dui malesuada, nec\ncongue nisl dictum. Donec mollis nisl tortor, at congue erat consequat a. Nam\ntempus elit porta, blandit elit vel, viverra lorem. Sed sit amet tellus\ntincidunt, faucibus nisl in, aliquet libero.	2017-12-01 17:36:43+00
6	2	Morbi tempus commodo mattis	morbi-tempus-commodo-mattis	Nunc viverra elit ac laoreet suscipit. Ubi est audax amicitia. Vae humani generis. Lorem ipsum dolor sit amet consectetur adipiscing elit. Bassus fatalis classiss virtualiter transferre de flavum. Pellentesque vitae velit ex.	Lorem ipsum dolor sit amet consectetur adipisicing elit, sed do eiusmod tempor\nincididunt ut labore et **dolore magna aliqua**: Duis aute irure dolor in\nreprehenderit in voluptate velit esse cillum dolore eu fugiat nulla pariatur.\nExcepteur sint occaecat cupidatat non proident, sunt in culpa qui officia\ndeserunt mollit anim id est laborum.\n\n  * Ut enim ad minim veniam\n  * Quis nostrud exercitation *ullamco laboris*\n  * Nisi ut aliquip ex ea commodo consequat\n\nPraesent id fermentum lorem. Ut est lorem, fringilla at accumsan nec, euismod at\nnunc. Aenean mattis sollicitudin mattis. Nullam pulvinar vestibulum bibendum.\nClass aptent taciti sociosqu ad litora torquent per conubia nostra, per inceptos\nhimenaeos. Fusce nulla purus, gravida ac interdum ut, blandit eget ex. Duis a\nluctus dolor.\n\nInteger auctor massa maximus nulla scelerisque accumsan. *Aliquam ac malesuada*\nex. Pellentesque tortor magna, vulputate eu vulputate ut, venenatis ac lectus.\nPraesent ut lacinia sem. Mauris a lectus eget felis mollis feugiat. Quisque\nefficitur, mi ut semper pulvinar, urna urna blandit massa, eget tincidunt augue\nnulla vitae est.\n\nUt posuere aliquet tincidunt. Aliquam erat volutpat. **Class aptent taciti**\nsociosqu ad litora torquent per conubia nostra, per inceptos himenaeos. Morbi\narcu orci, gravida eget aliquam eu, suscipit et ante. Morbi vulputate metus vel\nipsum finibus, ut dapibus massa feugiat. Vestibulum vel lobortis libero. Sed\ntincidunt tellus et viverra scelerisque. Pellentesque tincidunt cursus felis.\nSed in egestas erat.\n\nAliquam pulvinar interdum massa, vel ullamcorper ante consectetur eu. Vestibulum\nlacinia ac enim vel placerat. Integer pulvinar magna nec dui malesuada, nec\ncongue nisl dictum. Donec mollis nisl tortor, at congue erat consequat a. Nam\ntempus elit porta, blandit elit vel, viverra lorem. Sed sit amet tellus\ntincidunt, faucibus nisl in, aliquet libero.	2017-11-30 17:36:43+00
7	2	Ut suscipit posuere justo at vulputate	ut-suscipit-posuere-justo-at-vulputate	Morbi tempus commodo mattis. Abnobas sunt hilotaes de placidus vita. Pellentesque et sapien pulvinar consectetur. Ubi est audax amicitia. Urna nisl sollicitudin id varius orci quam id turpis. Potus sensim ad ferox abnoba.	Lorem ipsum dolor sit amet consectetur adipisicing elit, sed do eiusmod tempor\nincididunt ut labore et **dolore magna aliqua**: Duis aute irure dolor in\nreprehenderit in voluptate velit esse cillum dolore eu fugiat nulla pariatur.\nExcepteur sint occaecat cupidatat non proident, sunt in culpa qui officia\ndeserunt mollit anim id est laborum.\n\n  * Ut enim ad minim veniam\n  * Quis nostrud exercitation *ullamco laboris*\n  * Nisi ut aliquip ex ea commodo consequat\n\nPraesent id fermentum lorem. Ut est lorem, fringilla at accumsan nec, euismod at\nnunc. Aenean mattis sollicitudin mattis. Nullam pulvinar vestibulum bibendum.\nClass aptent taciti sociosqu ad litora torquent per conubia nostra, per inceptos\nhimenaeos. Fusce nulla purus, gravida ac interdum ut, blandit eget ex. Duis a\nluctus dolor.\n\nInteger auctor massa maximus nulla scelerisque accumsan. *Aliquam ac malesuada*\nex. Pellentesque tortor magna, vulputate eu vulputate ut, venenatis ac lectus.\nPraesent ut lacinia sem. Mauris a lectus eget felis mollis feugiat. Quisque\nefficitur, mi ut semper pulvinar, urna urna blandit massa, eget tincidunt augue\nnulla vitae est.\n\nUt posuere aliquet tincidunt. Aliquam erat volutpat. **Class aptent taciti**\nsociosqu ad litora torquent per conubia nostra, per inceptos himenaeos. Morbi\narcu orci, gravida eget aliquam eu, suscipit et ante. Morbi vulputate metus vel\nipsum finibus, ut dapibus massa feugiat. Vestibulum vel lobortis libero. Sed\ntincidunt tellus et viverra scelerisque. Pellentesque tincidunt cursus felis.\nSed in egestas erat.\n\nAliquam pulvinar interdum massa, vel ullamcorper ante consectetur eu. Vestibulum\nlacinia ac enim vel placerat. Integer pulvinar magna nec dui malesuada, nec\ncongue nisl dictum. Donec mollis nisl tortor, at congue erat consequat a. Nam\ntempus elit porta, blandit elit vel, viverra lorem. Sed sit amet tellus\ntincidunt, faucibus nisl in, aliquet libero.	2017-11-29 17:36:43+00
8	2	Ut eleifend mauris et risus ultrices egestas	ut-eleifend-mauris-et-risus-ultrices-egestas	Eposs sunt solems de superbus fortis. Mineralis persuadere omnes finises desiderium. Sed varius a risus eget aliquam. In hac habitasse platea dictumst. Sunt torquises imitari velox mirabilis medicinaes. Eros diam egestas libero eu vulputate risus.	Lorem ipsum dolor sit amet consectetur adipisicing elit, sed do eiusmod tempor\nincididunt ut labore et **dolore magna aliqua**: Duis aute irure dolor in\nreprehenderit in voluptate velit esse cillum dolore eu fugiat nulla pariatur.\nExcepteur sint occaecat cupidatat non proident, sunt in culpa qui officia\ndeserunt mollit anim id est laborum.\n\n  * Ut enim ad minim veniam\n  * Quis nostrud exercitation *ullamco laboris*\n  * Nisi ut aliquip ex ea commodo consequat\n\nPraesent id fermentum lorem. Ut est lorem, fringilla at accumsan nec, euismod at\nnunc. Aenean mattis sollicitudin mattis. Nullam pulvinar vestibulum bibendum.\nClass aptent taciti sociosqu ad litora torquent per conubia nostra, per inceptos\nhimenaeos. Fusce nulla purus, gravida ac interdum ut, blandit eget ex. Duis a\nluctus dolor.\n\nInteger auctor massa maximus nulla scelerisque accumsan. *Aliquam ac malesuada*\nex. Pellentesque tortor magna, vulputate eu vulputate ut, venenatis ac lectus.\nPraesent ut lacinia sem. Mauris a lectus eget felis mollis feugiat. Quisque\nefficitur, mi ut semper pulvinar, urna urna blandit massa, eget tincidunt augue\nnulla vitae est.\n\nUt posuere aliquet tincidunt. Aliquam erat volutpat. **Class aptent taciti**\nsociosqu ad litora torquent per conubia nostra, per inceptos himenaeos. Morbi\narcu orci, gravida eget aliquam eu, suscipit et ante. Morbi vulputate metus vel\nipsum finibus, ut dapibus massa feugiat. Vestibulum vel lobortis libero. Sed\ntincidunt tellus et viverra scelerisque. Pellentesque tincidunt cursus felis.\nSed in egestas erat.\n\nAliquam pulvinar interdum massa, vel ullamcorper ante consectetur eu. Vestibulum\nlacinia ac enim vel placerat. Integer pulvinar magna nec dui malesuada, nec\ncongue nisl dictum. Donec mollis nisl tortor, at congue erat consequat a. Nam\ntempus elit porta, blandit elit vel, viverra lorem. Sed sit amet tellus\ntincidunt, faucibus nisl in, aliquet libero.	2017-11-28 17:36:43+00
9	2	Aliquam sodales odio id eleifend tristique	aliquam-sodales-odio-id-eleifend-tristique	Potus sensim ad ferox abnoba. Sunt accentores vitare salvus flavum parses. Nulla porta lobortis ligula vel egestas. Mineralis persuadere omnes finises desiderium. Sunt torquises imitari velox mirabilis medicinaes.	Lorem ipsum dolor sit amet consectetur adipisicing elit, sed do eiusmod tempor\nincididunt ut labore et **dolore magna aliqua**: Duis aute irure dolor in\nreprehenderit in voluptate velit esse cillum dolore eu fugiat nulla pariatur.\nExcepteur sint occaecat cupidatat non proident, sunt in culpa qui officia\ndeserunt mollit anim id est laborum.\n\n  * Ut enim ad minim veniam\n  * Quis nostrud exercitation *ullamco laboris*\n  * Nisi ut aliquip ex ea commodo consequat\n\nPraesent id fermentum lorem. Ut est lorem, fringilla at accumsan nec, euismod at\nnunc. Aenean mattis sollicitudin mattis. Nullam pulvinar vestibulum bibendum.\nClass aptent taciti sociosqu ad litora torquent per conubia nostra, per inceptos\nhimenaeos. Fusce nulla purus, gravida ac interdum ut, blandit eget ex. Duis a\nluctus dolor.\n\nInteger auctor massa maximus nulla scelerisque accumsan. *Aliquam ac malesuada*\nex. Pellentesque tortor magna, vulputate eu vulputate ut, venenatis ac lectus.\nPraesent ut lacinia sem. Mauris a lectus eget felis mollis feugiat. Quisque\nefficitur, mi ut semper pulvinar, urna urna blandit massa, eget tincidunt augue\nnulla vitae est.\n\nUt posuere aliquet tincidunt. Aliquam erat volutpat. **Class aptent taciti**\nsociosqu ad litora torquent per conubia nostra, per inceptos himenaeos. Morbi\narcu orci, gravida eget aliquam eu, suscipit et ante. Morbi vulputate metus vel\nipsum finibus, ut dapibus massa feugiat. Vestibulum vel lobortis libero. Sed\ntincidunt tellus et viverra scelerisque. Pellentesque tincidunt cursus felis.\nSed in egestas erat.\n\nAliquam pulvinar interdum massa, vel ullamcorper ante consectetur eu. Vestibulum\nlacinia ac enim vel placerat. Integer pulvinar magna nec dui malesuada, nec\ncongue nisl dictum. Donec mollis nisl tortor, at congue erat consequat a. Nam\ntempus elit porta, blandit elit vel, viverra lorem. Sed sit amet tellus\ntincidunt, faucibus nisl in, aliquet libero.	2017-11-27 17:36:43+00
10	2	Urna nisl sollicitudin id varius orci quam id turpis	urna-nisl-sollicitudin-id-varius-orci-quam-id-turpis	Mineralis persuadere omnes finises desiderium. Pellentesque vitae velit ex. Urna nisl sollicitudin id varius orci quam id turpis. Bassus fatalis classiss virtualiter transferre de flavum. Eros diam egestas libero eu vulputate risus.	Lorem ipsum dolor sit amet consectetur adipisicing elit, sed do eiusmod tempor\nincididunt ut labore et **dolore magna aliqua**: Duis aute irure dolor in\nreprehenderit in voluptate velit esse cillum dolore eu fugiat nulla pariatur.\nExcepteur sint occaecat cupidatat non proident, sunt in culpa qui officia\ndeserunt mollit anim id est laborum.\n\n  * Ut enim ad minim veniam\n  * Quis nostrud exercitation *ullamco laboris*\n  * Nisi ut aliquip ex ea commodo consequat\n\nPraesent id fermentum lorem. Ut est lorem, fringilla at accumsan nec, euismod at\nnunc. Aenean mattis sollicitudin mattis. Nullam pulvinar vestibulum bibendum.\nClass aptent taciti sociosqu ad litora torquent per conubia nostra, per inceptos\nhimenaeos. Fusce nulla purus, gravida ac interdum ut, blandit eget ex. Duis a\nluctus dolor.\n\nInteger auctor massa maximus nulla scelerisque accumsan. *Aliquam ac malesuada*\nex. Pellentesque tortor magna, vulputate eu vulputate ut, venenatis ac lectus.\nPraesent ut lacinia sem. Mauris a lectus eget felis mollis feugiat. Quisque\nefficitur, mi ut semper pulvinar, urna urna blandit massa, eget tincidunt augue\nnulla vitae est.\n\nUt posuere aliquet tincidunt. Aliquam erat volutpat. **Class aptent taciti**\nsociosqu ad litora torquent per conubia nostra, per inceptos himenaeos. Morbi\narcu orci, gravida eget aliquam eu, suscipit et ante. Morbi vulputate metus vel\nipsum finibus, ut dapibus massa feugiat. Vestibulum vel lobortis libero. Sed\ntincidunt tellus et viverra scelerisque. Pellentesque tincidunt cursus felis.\nSed in egestas erat.\n\nAliquam pulvinar interdum massa, vel ullamcorper ante consectetur eu. Vestibulum\nlacinia ac enim vel placerat. Integer pulvinar magna nec dui malesuada, nec\ncongue nisl dictum. Donec mollis nisl tortor, at congue erat consequat a. Nam\ntempus elit porta, blandit elit vel, viverra lorem. Sed sit amet tellus\ntincidunt, faucibus nisl in, aliquet libero.	2017-11-26 17:36:43+00
11	1	Nulla porta lobortis ligula vel egestas	nulla-porta-lobortis-ligula-vel-egestas	Potus sensim ad ferox abnoba. Mauris dapibus risus quis suscipit vulputate. Sunt accentores vitare salvus flavum parses. Teres talis saepe tractare de camerarius flavum sensorem. Sed varius a risus eget aliquam.	Lorem ipsum dolor sit amet consectetur adipisicing elit, sed do eiusmod tempor\nincididunt ut labore et **dolore magna aliqua**: Duis aute irure dolor in\nreprehenderit in voluptate velit esse cillum dolore eu fugiat nulla pariatur.\nExcepteur sint occaecat cupidatat non proident, sunt in culpa qui officia\ndeserunt mollit anim id est laborum.\n\n  * Ut enim ad minim veniam\n  * Quis nostrud exercitation *ullamco laboris*\n  * Nisi ut aliquip ex ea commodo consequat\n\nPraesent id fermentum lorem. Ut est lorem, fringilla at accumsan nec, euismod at\nnunc. Aenean mattis sollicitudin mattis. Nullam pulvinar vestibulum bibendum.\nClass aptent taciti sociosqu ad litora torquent per conubia nostra, per inceptos\nhimenaeos. Fusce nulla purus, gravida ac interdum ut, blandit eget ex. Duis a\nluctus dolor.\n\nInteger auctor massa maximus nulla scelerisque accumsan. *Aliquam ac malesuada*\nex. Pellentesque tortor magna, vulputate eu vulputate ut, venenatis ac lectus.\nPraesent ut lacinia sem. Mauris a lectus eget felis mollis feugiat. Quisque\nefficitur, mi ut semper pulvinar, urna urna blandit massa, eget tincidunt augue\nnulla vitae est.\n\nUt posuere aliquet tincidunt. Aliquam erat volutpat. **Class aptent taciti**\nsociosqu ad litora torquent per conubia nostra, per inceptos himenaeos. Morbi\narcu orci, gravida eget aliquam eu, suscipit et ante. Morbi vulputate metus vel\nipsum finibus, ut dapibus massa feugiat. Vestibulum vel lobortis libero. Sed\ntincidunt tellus et viverra scelerisque. Pellentesque tincidunt cursus felis.\nSed in egestas erat.\n\nAliquam pulvinar interdum massa, vel ullamcorper ante consectetur eu. Vestibulum\nlacinia ac enim vel placerat. Integer pulvinar magna nec dui malesuada, nec\ncongue nisl dictum. Donec mollis nisl tortor, at congue erat consequat a. Nam\ntempus elit porta, blandit elit vel, viverra lorem. Sed sit amet tellus\ntincidunt, faucibus nisl in, aliquet libero.	2017-11-25 17:36:43+00
12	1	Curabitur aliquam euismod dolor non ornare	curabitur-aliquam-euismod-dolor-non-ornare	Potus sensim ad ferox abnoba. Pellentesque vitae velit ex. Nulla porta lobortis ligula vel egestas. Ubi est barbatus nix. Eros diam egestas libero eu vulputate risus. Nunc viverra elit ac laoreet suscipit. Sunt accentores vitare salvus flavum parses.	Lorem ipsum dolor sit amet consectetur adipisicing elit, sed do eiusmod tempor\nincididunt ut labore et **dolore magna aliqua**: Duis aute irure dolor in\nreprehenderit in voluptate velit esse cillum dolore eu fugiat nulla pariatur.\nExcepteur sint occaecat cupidatat non proident, sunt in culpa qui officia\ndeserunt mollit anim id est laborum.\n\n  * Ut enim ad minim veniam\n  * Quis nostrud exercitation *ullamco laboris*\n  * Nisi ut aliquip ex ea commodo consequat\n\nPraesent id fermentum lorem. Ut est lorem, fringilla at accumsan nec, euismod at\nnunc. Aenean mattis sollicitudin mattis. Nullam pulvinar vestibulum bibendum.\nClass aptent taciti sociosqu ad litora torquent per conubia nostra, per inceptos\nhimenaeos. Fusce nulla purus, gravida ac interdum ut, blandit eget ex. Duis a\nluctus dolor.\n\nInteger auctor massa maximus nulla scelerisque accumsan. *Aliquam ac malesuada*\nex. Pellentesque tortor magna, vulputate eu vulputate ut, venenatis ac lectus.\nPraesent ut lacinia sem. Mauris a lectus eget felis mollis feugiat. Quisque\nefficitur, mi ut semper pulvinar, urna urna blandit massa, eget tincidunt augue\nnulla vitae est.\n\nUt posuere aliquet tincidunt. Aliquam erat volutpat. **Class aptent taciti**\nsociosqu ad litora torquent per conubia nostra, per inceptos himenaeos. Morbi\narcu orci, gravida eget aliquam eu, suscipit et ante. Morbi vulputate metus vel\nipsum finibus, ut dapibus massa feugiat. Vestibulum vel lobortis libero. Sed\ntincidunt tellus et viverra scelerisque. Pellentesque tincidunt cursus felis.\nSed in egestas erat.\n\nAliquam pulvinar interdum massa, vel ullamcorper ante consectetur eu. Vestibulum\nlacinia ac enim vel placerat. Integer pulvinar magna nec dui malesuada, nec\ncongue nisl dictum. Donec mollis nisl tortor, at congue erat consequat a. Nam\ntempus elit porta, blandit elit vel, viverra lorem. Sed sit amet tellus\ntincidunt, faucibus nisl in, aliquet libero.	2017-11-24 17:36:43+00
13	2	Sed varius a risus eget aliquam	sed-varius-a-risus-eget-aliquam	Ut suscipit posuere justo at vulputate. Pellentesque et sapien pulvinar consectetur. Curabitur aliquam euismod dolor non ornare. Ut eleifend mauris et risus ultrices egestas. Sunt torquises imitari velox mirabilis medicinaes.	Lorem ipsum dolor sit amet consectetur adipisicing elit, sed do eiusmod tempor\nincididunt ut labore et **dolore magna aliqua**: Duis aute irure dolor in\nreprehenderit in voluptate velit esse cillum dolore eu fugiat nulla pariatur.\nExcepteur sint occaecat cupidatat non proident, sunt in culpa qui officia\ndeserunt mollit anim id est laborum.\n\n  * Ut enim ad minim veniam\n  * Quis nostrud exercitation *ullamco laboris*\n  * Nisi ut aliquip ex ea commodo consequat\n\nPraesent id fermentum lorem. Ut est lorem, fringilla at accumsan nec, euismod at\nnunc. Aenean mattis sollicitudin mattis. Nullam pulvinar vestibulum bibendum.\nClass aptent taciti sociosqu ad litora torquent per conubia nostra, per inceptos\nhimenaeos. Fusce nulla purus, gravida ac interdum ut, blandit eget ex. Duis a\nluctus dolor.\n\nInteger auctor massa maximus nulla scelerisque accumsan. *Aliquam ac malesuada*\nex. Pellentesque tortor magna, vulputate eu vulputate ut, venenatis ac lectus.\nPraesent ut lacinia sem. Mauris a lectus eget felis mollis feugiat. Quisque\nefficitur, mi ut semper pulvinar, urna urna blandit massa, eget tincidunt augue\nnulla vitae est.\n\nUt posuere aliquet tincidunt. Aliquam erat volutpat. **Class aptent taciti**\nsociosqu ad litora torquent per conubia nostra, per inceptos himenaeos. Morbi\narcu orci, gravida eget aliquam eu, suscipit et ante. Morbi vulputate metus vel\nipsum finibus, ut dapibus massa feugiat. Vestibulum vel lobortis libero. Sed\ntincidunt tellus et viverra scelerisque. Pellentesque tincidunt cursus felis.\nSed in egestas erat.\n\nAliquam pulvinar interdum massa, vel ullamcorper ante consectetur eu. Vestibulum\nlacinia ac enim vel placerat. Integer pulvinar magna nec dui malesuada, nec\ncongue nisl dictum. Donec mollis nisl tortor, at congue erat consequat a. Nam\ntempus elit porta, blandit elit vel, viverra lorem. Sed sit amet tellus\ntincidunt, faucibus nisl in, aliquet libero.	2017-11-23 17:36:43+00
14	2	Nunc viverra elit ac laoreet suscipit	nunc-viverra-elit-ac-laoreet-suscipit	Sed varius a risus eget aliquam. Potus sensim ad ferox abnoba. Diatrias tolerare tanquam noster caesium. Eposs sunt solems de superbus fortis. Urna nisl sollicitudin id varius orci quam id turpis. Ubi est barbatus nix.	Lorem ipsum dolor sit amet consectetur adipisicing elit, sed do eiusmod tempor\nincididunt ut labore et **dolore magna aliqua**: Duis aute irure dolor in\nreprehenderit in voluptate velit esse cillum dolore eu fugiat nulla pariatur.\nExcepteur sint occaecat cupidatat non proident, sunt in culpa qui officia\ndeserunt mollit anim id est laborum.\n\n  * Ut enim ad minim veniam\n  * Quis nostrud exercitation *ullamco laboris*\n  * Nisi ut aliquip ex ea commodo consequat\n\nPraesent id fermentum lorem. Ut est lorem, fringilla at accumsan nec, euismod at\nnunc. Aenean mattis sollicitudin mattis. Nullam pulvinar vestibulum bibendum.\nClass aptent taciti sociosqu ad litora torquent per conubia nostra, per inceptos\nhimenaeos. Fusce nulla purus, gravida ac interdum ut, blandit eget ex. Duis a\nluctus dolor.\n\nInteger auctor massa maximus nulla scelerisque accumsan. *Aliquam ac malesuada*\nex. Pellentesque tortor magna, vulputate eu vulputate ut, venenatis ac lectus.\nPraesent ut lacinia sem. Mauris a lectus eget felis mollis feugiat. Quisque\nefficitur, mi ut semper pulvinar, urna urna blandit massa, eget tincidunt augue\nnulla vitae est.\n\nUt posuere aliquet tincidunt. Aliquam erat volutpat. **Class aptent taciti**\nsociosqu ad litora torquent per conubia nostra, per inceptos himenaeos. Morbi\narcu orci, gravida eget aliquam eu, suscipit et ante. Morbi vulputate metus vel\nipsum finibus, ut dapibus massa feugiat. Vestibulum vel lobortis libero. Sed\ntincidunt tellus et viverra scelerisque. Pellentesque tincidunt cursus felis.\nSed in egestas erat.\n\nAliquam pulvinar interdum massa, vel ullamcorper ante consectetur eu. Vestibulum\nlacinia ac enim vel placerat. Integer pulvinar magna nec dui malesuada, nec\ncongue nisl dictum. Donec mollis nisl tortor, at congue erat consequat a. Nam\ntempus elit porta, blandit elit vel, viverra lorem. Sed sit amet tellus\ntincidunt, faucibus nisl in, aliquet libero.	2017-11-22 17:36:43+00
15	1	Pellentesque et sapien pulvinar consectetur	pellentesque-et-sapien-pulvinar-consectetur	Sunt seculaes transferre talis camerarius fluctuies. Sed varius a risus eget aliquam. Eros diam egestas libero eu vulputate risus. Urna nisl sollicitudin id varius orci quam id turpis. Ubi est audax amicitia. In hac habitasse platea dictumst.	Lorem ipsum dolor sit amet consectetur adipisicing elit, sed do eiusmod tempor\nincididunt ut labore et **dolore magna aliqua**: Duis aute irure dolor in\nreprehenderit in voluptate velit esse cillum dolore eu fugiat nulla pariatur.\nExcepteur sint occaecat cupidatat non proident, sunt in culpa qui officia\ndeserunt mollit anim id est laborum.\n\n  * Ut enim ad minim veniam\n  * Quis nostrud exercitation *ullamco laboris*\n  * Nisi ut aliquip ex ea commodo consequat\n\nPraesent id fermentum lorem. Ut est lorem, fringilla at accumsan nec, euismod at\nnunc. Aenean mattis sollicitudin mattis. Nullam pulvinar vestibulum bibendum.\nClass aptent taciti sociosqu ad litora torquent per conubia nostra, per inceptos\nhimenaeos. Fusce nulla purus, gravida ac interdum ut, blandit eget ex. Duis a\nluctus dolor.\n\nInteger auctor massa maximus nulla scelerisque accumsan. *Aliquam ac malesuada*\nex. Pellentesque tortor magna, vulputate eu vulputate ut, venenatis ac lectus.\nPraesent ut lacinia sem. Mauris a lectus eget felis mollis feugiat. Quisque\nefficitur, mi ut semper pulvinar, urna urna blandit massa, eget tincidunt augue\nnulla vitae est.\n\nUt posuere aliquet tincidunt. Aliquam erat volutpat. **Class aptent taciti**\nsociosqu ad litora torquent per conubia nostra, per inceptos himenaeos. Morbi\narcu orci, gravida eget aliquam eu, suscipit et ante. Morbi vulputate metus vel\nipsum finibus, ut dapibus massa feugiat. Vestibulum vel lobortis libero. Sed\ntincidunt tellus et viverra scelerisque. Pellentesque tincidunt cursus felis.\nSed in egestas erat.\n\nAliquam pulvinar interdum massa, vel ullamcorper ante consectetur eu. Vestibulum\nlacinia ac enim vel placerat. Integer pulvinar magna nec dui malesuada, nec\ncongue nisl dictum. Donec mollis nisl tortor, at congue erat consequat a. Nam\ntempus elit porta, blandit elit vel, viverra lorem. Sed sit amet tellus\ntincidunt, faucibus nisl in, aliquet libero.	2017-11-21 17:36:43+00
16	2	Ubi est barbatus nix	ubi-est-barbatus-nix	Mauris dapibus risus quis suscipit vulputate. Sunt accentores vitare salvus flavum parses. Bassus fatalis classiss virtualiter transferre de flavum. Teres talis saepe tractare de camerarius flavum sensorem. Nunc viverra elit ac laoreet suscipit.	Lorem ipsum dolor sit amet consectetur adipisicing elit, sed do eiusmod tempor\nincididunt ut labore et **dolore magna aliqua**: Duis aute irure dolor in\nreprehenderit in voluptate velit esse cillum dolore eu fugiat nulla pariatur.\nExcepteur sint occaecat cupidatat non proident, sunt in culpa qui officia\ndeserunt mollit anim id est laborum.\n\n  * Ut enim ad minim veniam\n  * Quis nostrud exercitation *ullamco laboris*\n  * Nisi ut aliquip ex ea commodo consequat\n\nPraesent id fermentum lorem. Ut est lorem, fringilla at accumsan nec, euismod at\nnunc. Aenean mattis sollicitudin mattis. Nullam pulvinar vestibulum bibendum.\nClass aptent taciti sociosqu ad litora torquent per conubia nostra, per inceptos\nhimenaeos. Fusce nulla purus, gravida ac interdum ut, blandit eget ex. Duis a\nluctus dolor.\n\nInteger auctor massa maximus nulla scelerisque accumsan. *Aliquam ac malesuada*\nex. Pellentesque tortor magna, vulputate eu vulputate ut, venenatis ac lectus.\nPraesent ut lacinia sem. Mauris a lectus eget felis mollis feugiat. Quisque\nefficitur, mi ut semper pulvinar, urna urna blandit massa, eget tincidunt augue\nnulla vitae est.\n\nUt posuere aliquet tincidunt. Aliquam erat volutpat. **Class aptent taciti**\nsociosqu ad litora torquent per conubia nostra, per inceptos himenaeos. Morbi\narcu orci, gravida eget aliquam eu, suscipit et ante. Morbi vulputate metus vel\nipsum finibus, ut dapibus massa feugiat. Vestibulum vel lobortis libero. Sed\ntincidunt tellus et viverra scelerisque. Pellentesque tincidunt cursus felis.\nSed in egestas erat.\n\nAliquam pulvinar interdum massa, vel ullamcorper ante consectetur eu. Vestibulum\nlacinia ac enim vel placerat. Integer pulvinar magna nec dui malesuada, nec\ncongue nisl dictum. Donec mollis nisl tortor, at congue erat consequat a. Nam\ntempus elit porta, blandit elit vel, viverra lorem. Sed sit amet tellus\ntincidunt, faucibus nisl in, aliquet libero.	2017-11-20 17:36:43+00
17	2	Abnobas sunt hilotaes de placidus vita	abnobas-sunt-hilotaes-de-placidus-vita	Pellentesque vitae velit ex. Morbi tempus commodo mattis. Vae humani generis. Nunc viverra elit ac laoreet suscipit. Urna nisl sollicitudin id varius orci quam id turpis. Potus sensim ad ferox abnoba. Mauris dapibus risus quis suscipit vulputate.	Lorem ipsum dolor sit amet consectetur adipisicing elit, sed do eiusmod tempor\nincididunt ut labore et **dolore magna aliqua**: Duis aute irure dolor in\nreprehenderit in voluptate velit esse cillum dolore eu fugiat nulla pariatur.\nExcepteur sint occaecat cupidatat non proident, sunt in culpa qui officia\ndeserunt mollit anim id est laborum.\n\n  * Ut enim ad minim veniam\n  * Quis nostrud exercitation *ullamco laboris*\n  * Nisi ut aliquip ex ea commodo consequat\n\nPraesent id fermentum lorem. Ut est lorem, fringilla at accumsan nec, euismod at\nnunc. Aenean mattis sollicitudin mattis. Nullam pulvinar vestibulum bibendum.\nClass aptent taciti sociosqu ad litora torquent per conubia nostra, per inceptos\nhimenaeos. Fusce nulla purus, gravida ac interdum ut, blandit eget ex. Duis a\nluctus dolor.\n\nInteger auctor massa maximus nulla scelerisque accumsan. *Aliquam ac malesuada*\nex. Pellentesque tortor magna, vulputate eu vulputate ut, venenatis ac lectus.\nPraesent ut lacinia sem. Mauris a lectus eget felis mollis feugiat. Quisque\nefficitur, mi ut semper pulvinar, urna urna blandit massa, eget tincidunt augue\nnulla vitae est.\n\nUt posuere aliquet tincidunt. Aliquam erat volutpat. **Class aptent taciti**\nsociosqu ad litora torquent per conubia nostra, per inceptos himenaeos. Morbi\narcu orci, gravida eget aliquam eu, suscipit et ante. Morbi vulputate metus vel\nipsum finibus, ut dapibus massa feugiat. Vestibulum vel lobortis libero. Sed\ntincidunt tellus et viverra scelerisque. Pellentesque tincidunt cursus felis.\nSed in egestas erat.\n\nAliquam pulvinar interdum massa, vel ullamcorper ante consectetur eu. Vestibulum\nlacinia ac enim vel placerat. Integer pulvinar magna nec dui malesuada, nec\ncongue nisl dictum. Donec mollis nisl tortor, at congue erat consequat a. Nam\ntempus elit porta, blandit elit vel, viverra lorem. Sed sit amet tellus\ntincidunt, faucibus nisl in, aliquet libero.	2017-11-19 17:36:43+00
18	1	Ubi est audax amicitia	ubi-est-audax-amicitia	Bassus fatalis classiss virtualiter transferre de flavum. Diatrias tolerare tanquam noster caesium. Urna nisl sollicitudin id varius orci quam id turpis. Sed varius a risus eget aliquam. Ubi est barbatus nix. Pellentesque vitae velit ex.	Lorem ipsum dolor sit amet consectetur adipisicing elit, sed do eiusmod tempor\nincididunt ut labore et **dolore magna aliqua**: Duis aute irure dolor in\nreprehenderit in voluptate velit esse cillum dolore eu fugiat nulla pariatur.\nExcepteur sint occaecat cupidatat non proident, sunt in culpa qui officia\ndeserunt mollit anim id est laborum.\n\n  * Ut enim ad minim veniam\n  * Quis nostrud exercitation *ullamco laboris*\n  * Nisi ut aliquip ex ea commodo consequat\n\nPraesent id fermentum lorem. Ut est lorem, fringilla at accumsan nec, euismod at\nnunc. Aenean mattis sollicitudin mattis. Nullam pulvinar vestibulum bibendum.\nClass aptent taciti sociosqu ad litora torquent per conubia nostra, per inceptos\nhimenaeos. Fusce nulla purus, gravida ac interdum ut, blandit eget ex. Duis a\nluctus dolor.\n\nInteger auctor massa maximus nulla scelerisque accumsan. *Aliquam ac malesuada*\nex. Pellentesque tortor magna, vulputate eu vulputate ut, venenatis ac lectus.\nPraesent ut lacinia sem. Mauris a lectus eget felis mollis feugiat. Quisque\nefficitur, mi ut semper pulvinar, urna urna blandit massa, eget tincidunt augue\nnulla vitae est.\n\nUt posuere aliquet tincidunt. Aliquam erat volutpat. **Class aptent taciti**\nsociosqu ad litora torquent per conubia nostra, per inceptos himenaeos. Morbi\narcu orci, gravida eget aliquam eu, suscipit et ante. Morbi vulputate metus vel\nipsum finibus, ut dapibus massa feugiat. Vestibulum vel lobortis libero. Sed\ntincidunt tellus et viverra scelerisque. Pellentesque tincidunt cursus felis.\nSed in egestas erat.\n\nAliquam pulvinar interdum massa, vel ullamcorper ante consectetur eu. Vestibulum\nlacinia ac enim vel placerat. Integer pulvinar magna nec dui malesuada, nec\ncongue nisl dictum. Donec mollis nisl tortor, at congue erat consequat a. Nam\ntempus elit porta, blandit elit vel, viverra lorem. Sed sit amet tellus\ntincidunt, faucibus nisl in, aliquet libero.	2017-11-18 17:36:43+00
19	1	Eposs sunt solems de superbus fortis	eposs-sunt-solems-de-superbus-fortis	Pellentesque vitae velit ex. Diatrias tolerare tanquam noster caesium. Lorem ipsum dolor sit amet consectetur adipiscing elit. Morbi tempus commodo mattis. Urna nisl sollicitudin id varius orci quam id turpis.	Lorem ipsum dolor sit amet consectetur adipisicing elit, sed do eiusmod tempor\nincididunt ut labore et **dolore magna aliqua**: Duis aute irure dolor in\nreprehenderit in voluptate velit esse cillum dolore eu fugiat nulla pariatur.\nExcepteur sint occaecat cupidatat non proident, sunt in culpa qui officia\ndeserunt mollit anim id est laborum.\n\n  * Ut enim ad minim veniam\n  * Quis nostrud exercitation *ullamco laboris*\n  * Nisi ut aliquip ex ea commodo consequat\n\nPraesent id fermentum lorem. Ut est lorem, fringilla at accumsan nec, euismod at\nnunc. Aenean mattis sollicitudin mattis. Nullam pulvinar vestibulum bibendum.\nClass aptent taciti sociosqu ad litora torquent per conubia nostra, per inceptos\nhimenaeos. Fusce nulla purus, gravida ac interdum ut, blandit eget ex. Duis a\nluctus dolor.\n\nInteger auctor massa maximus nulla scelerisque accumsan. *Aliquam ac malesuada*\nex. Pellentesque tortor magna, vulputate eu vulputate ut, venenatis ac lectus.\nPraesent ut lacinia sem. Mauris a lectus eget felis mollis feugiat. Quisque\nefficitur, mi ut semper pulvinar, urna urna blandit massa, eget tincidunt augue\nnulla vitae est.\n\nUt posuere aliquet tincidunt. Aliquam erat volutpat. **Class aptent taciti**\nsociosqu ad litora torquent per conubia nostra, per inceptos himenaeos. Morbi\narcu orci, gravida eget aliquam eu, suscipit et ante. Morbi vulputate metus vel\nipsum finibus, ut dapibus massa feugiat. Vestibulum vel lobortis libero. Sed\ntincidunt tellus et viverra scelerisque. Pellentesque tincidunt cursus felis.\nSed in egestas erat.\n\nAliquam pulvinar interdum massa, vel ullamcorper ante consectetur eu. Vestibulum\nlacinia ac enim vel placerat. Integer pulvinar magna nec dui malesuada, nec\ncongue nisl dictum. Donec mollis nisl tortor, at congue erat consequat a. Nam\ntempus elit porta, blandit elit vel, viverra lorem. Sed sit amet tellus\ntincidunt, faucibus nisl in, aliquet libero.	2017-11-17 17:36:43+00
20	1	Vae humani generis	vae-humani-generis	Teres talis saepe tractare de camerarius flavum sensorem. Mauris dapibus risus quis suscipit vulputate. Ut eleifend mauris et risus ultrices egestas. Pellentesque et sapien pulvinar consectetur. Nulla porta lobortis ligula vel egestas.	Lorem ipsum dolor sit amet consectetur adipisicing elit, sed do eiusmod tempor\nincididunt ut labore et **dolore magna aliqua**: Duis aute irure dolor in\nreprehenderit in voluptate velit esse cillum dolore eu fugiat nulla pariatur.\nExcepteur sint occaecat cupidatat non proident, sunt in culpa qui officia\ndeserunt mollit anim id est laborum.\n\n  * Ut enim ad minim veniam\n  * Quis nostrud exercitation *ullamco laboris*\n  * Nisi ut aliquip ex ea commodo consequat\n\nPraesent id fermentum lorem. Ut est lorem, fringilla at accumsan nec, euismod at\nnunc. Aenean mattis sollicitudin mattis. Nullam pulvinar vestibulum bibendum.\nClass aptent taciti sociosqu ad litora torquent per conubia nostra, per inceptos\nhimenaeos. Fusce nulla purus, gravida ac interdum ut, blandit eget ex. Duis a\nluctus dolor.\n\nInteger auctor massa maximus nulla scelerisque accumsan. *Aliquam ac malesuada*\nex. Pellentesque tortor magna, vulputate eu vulputate ut, venenatis ac lectus.\nPraesent ut lacinia sem. Mauris a lectus eget felis mollis feugiat. Quisque\nefficitur, mi ut semper pulvinar, urna urna blandit massa, eget tincidunt augue\nnulla vitae est.\n\nUt posuere aliquet tincidunt. Aliquam erat volutpat. **Class aptent taciti**\nsociosqu ad litora torquent per conubia nostra, per inceptos himenaeos. Morbi\narcu orci, gravida eget aliquam eu, suscipit et ante. Morbi vulputate metus vel\nipsum finibus, ut dapibus massa feugiat. Vestibulum vel lobortis libero. Sed\ntincidunt tellus et viverra scelerisque. Pellentesque tincidunt cursus felis.\nSed in egestas erat.\n\nAliquam pulvinar interdum massa, vel ullamcorper ante consectetur eu. Vestibulum\nlacinia ac enim vel placerat. Integer pulvinar magna nec dui malesuada, nec\ncongue nisl dictum. Donec mollis nisl tortor, at congue erat consequat a. Nam\ntempus elit porta, blandit elit vel, viverra lorem. Sed sit amet tellus\ntincidunt, faucibus nisl in, aliquet libero.	2017-11-16 17:36:43+00
21	1	Diatrias tolerare tanquam noster caesium	diatrias-tolerare-tanquam-noster-caesium	Aliquam sodales odio id eleifend tristique. Sed varius a risus eget aliquam. Ubi est audax amicitia. Pellentesque vitae velit ex. Vae humani generis. Ut suscipit posuere justo at vulputate. Urna nisl sollicitudin id varius orci quam id turpis.	Lorem ipsum dolor sit amet consectetur adipisicing elit, sed do eiusmod tempor\nincididunt ut labore et **dolore magna aliqua**: Duis aute irure dolor in\nreprehenderit in voluptate velit esse cillum dolore eu fugiat nulla pariatur.\nExcepteur sint occaecat cupidatat non proident, sunt in culpa qui officia\ndeserunt mollit anim id est laborum.\n\n  * Ut enim ad minim veniam\n  * Quis nostrud exercitation *ullamco laboris*\n  * Nisi ut aliquip ex ea commodo consequat\n\nPraesent id fermentum lorem. Ut est lorem, fringilla at accumsan nec, euismod at\nnunc. Aenean mattis sollicitudin mattis. Nullam pulvinar vestibulum bibendum.\nClass aptent taciti sociosqu ad litora torquent per conubia nostra, per inceptos\nhimenaeos. Fusce nulla purus, gravida ac interdum ut, blandit eget ex. Duis a\nluctus dolor.\n\nInteger auctor massa maximus nulla scelerisque accumsan. *Aliquam ac malesuada*\nex. Pellentesque tortor magna, vulputate eu vulputate ut, venenatis ac lectus.\nPraesent ut lacinia sem. Mauris a lectus eget felis mollis feugiat. Quisque\nefficitur, mi ut semper pulvinar, urna urna blandit massa, eget tincidunt augue\nnulla vitae est.\n\nUt posuere aliquet tincidunt. Aliquam erat volutpat. **Class aptent taciti**\nsociosqu ad litora torquent per conubia nostra, per inceptos himenaeos. Morbi\narcu orci, gravida eget aliquam eu, suscipit et ante. Morbi vulputate metus vel\nipsum finibus, ut dapibus massa feugiat. Vestibulum vel lobortis libero. Sed\ntincidunt tellus et viverra scelerisque. Pellentesque tincidunt cursus felis.\nSed in egestas erat.\n\nAliquam pulvinar interdum massa, vel ullamcorper ante consectetur eu. Vestibulum\nlacinia ac enim vel placerat. Integer pulvinar magna nec dui malesuada, nec\ncongue nisl dictum. Donec mollis nisl tortor, at congue erat consequat a. Nam\ntempus elit porta, blandit elit vel, viverra lorem. Sed sit amet tellus\ntincidunt, faucibus nisl in, aliquet libero.	2017-11-15 17:36:43+00
22	1	Teres talis saepe tractare de camerarius flavum sensorem	teres-talis-saepe-tractare-de-camerarius-flavum-sensorem	Era brevis ratione est. Diatrias tolerare tanquam noster caesium. Eposs sunt solems de superbus fortis. Mineralis persuadere omnes finises desiderium. In hac habitasse platea dictumst. Bassus fatalis classiss virtualiter transferre de flavum.	Lorem ipsum dolor sit amet consectetur adipisicing elit, sed do eiusmod tempor\nincididunt ut labore et **dolore magna aliqua**: Duis aute irure dolor in\nreprehenderit in voluptate velit esse cillum dolore eu fugiat nulla pariatur.\nExcepteur sint occaecat cupidatat non proident, sunt in culpa qui officia\ndeserunt mollit anim id est laborum.\n\n  * Ut enim ad minim veniam\n  * Quis nostrud exercitation *ullamco laboris*\n  * Nisi ut aliquip ex ea commodo consequat\n\nPraesent id fermentum lorem. Ut est lorem, fringilla at accumsan nec, euismod at\nnunc. Aenean mattis sollicitudin mattis. Nullam pulvinar vestibulum bibendum.\nClass aptent taciti sociosqu ad litora torquent per conubia nostra, per inceptos\nhimenaeos. Fusce nulla purus, gravida ac interdum ut, blandit eget ex. Duis a\nluctus dolor.\n\nInteger auctor massa maximus nulla scelerisque accumsan. *Aliquam ac malesuada*\nex. Pellentesque tortor magna, vulputate eu vulputate ut, venenatis ac lectus.\nPraesent ut lacinia sem. Mauris a lectus eget felis mollis feugiat. Quisque\nefficitur, mi ut semper pulvinar, urna urna blandit massa, eget tincidunt augue\nnulla vitae est.\n\nUt posuere aliquet tincidunt. Aliquam erat volutpat. **Class aptent taciti**\nsociosqu ad litora torquent per conubia nostra, per inceptos himenaeos. Morbi\narcu orci, gravida eget aliquam eu, suscipit et ante. Morbi vulputate metus vel\nipsum finibus, ut dapibus massa feugiat. Vestibulum vel lobortis libero. Sed\ntincidunt tellus et viverra scelerisque. Pellentesque tincidunt cursus felis.\nSed in egestas erat.\n\nAliquam pulvinar interdum massa, vel ullamcorper ante consectetur eu. Vestibulum\nlacinia ac enim vel placerat. Integer pulvinar magna nec dui malesuada, nec\ncongue nisl dictum. Donec mollis nisl tortor, at congue erat consequat a. Nam\ntempus elit porta, blandit elit vel, viverra lorem. Sed sit amet tellus\ntincidunt, faucibus nisl in, aliquet libero.	2017-11-14 17:36:43+00
23	2	Silva de secundus galatae demitto quadra	silva-de-secundus-galatae-demitto-quadra	Nunc viverra elit ac laoreet suscipit. Pellentesque et sapien pulvinar consectetur. Lorem ipsum dolor sit amet consectetur adipiscing elit. Potus sensim ad ferox abnoba. Sunt torquises imitari velox mirabilis medicinaes.	Lorem ipsum dolor sit amet consectetur adipisicing elit, sed do eiusmod tempor\nincididunt ut labore et **dolore magna aliqua**: Duis aute irure dolor in\nreprehenderit in voluptate velit esse cillum dolore eu fugiat nulla pariatur.\nExcepteur sint occaecat cupidatat non proident, sunt in culpa qui officia\ndeserunt mollit anim id est laborum.\n\n  * Ut enim ad minim veniam\n  * Quis nostrud exercitation *ullamco laboris*\n  * Nisi ut aliquip ex ea commodo consequat\n\nPraesent id fermentum lorem. Ut est lorem, fringilla at accumsan nec, euismod at\nnunc. Aenean mattis sollicitudin mattis. Nullam pulvinar vestibulum bibendum.\nClass aptent taciti sociosqu ad litora torquent per conubia nostra, per inceptos\nhimenaeos. Fusce nulla purus, gravida ac interdum ut, blandit eget ex. Duis a\nluctus dolor.\n\nInteger auctor massa maximus nulla scelerisque accumsan. *Aliquam ac malesuada*\nex. Pellentesque tortor magna, vulputate eu vulputate ut, venenatis ac lectus.\nPraesent ut lacinia sem. Mauris a lectus eget felis mollis feugiat. Quisque\nefficitur, mi ut semper pulvinar, urna urna blandit massa, eget tincidunt augue\nnulla vitae est.\n\nUt posuere aliquet tincidunt. Aliquam erat volutpat. **Class aptent taciti**\nsociosqu ad litora torquent per conubia nostra, per inceptos himenaeos. Morbi\narcu orci, gravida eget aliquam eu, suscipit et ante. Morbi vulputate metus vel\nipsum finibus, ut dapibus massa feugiat. Vestibulum vel lobortis libero. Sed\ntincidunt tellus et viverra scelerisque. Pellentesque tincidunt cursus felis.\nSed in egestas erat.\n\nAliquam pulvinar interdum massa, vel ullamcorper ante consectetur eu. Vestibulum\nlacinia ac enim vel placerat. Integer pulvinar magna nec dui malesuada, nec\ncongue nisl dictum. Donec mollis nisl tortor, at congue erat consequat a. Nam\ntempus elit porta, blandit elit vel, viverra lorem. Sed sit amet tellus\ntincidunt, faucibus nisl in, aliquet libero.	2017-11-13 17:36:43+00
24	1	Sunt accentores vitare salvus flavum parses	sunt-accentores-vitare-salvus-flavum-parses	Teres talis saepe tractare de camerarius flavum sensorem. Ubi est audax amicitia. Eposs sunt solems de superbus fortis. Sunt accentores vitare salvus flavum parses. Morbi tempus commodo mattis. Aliquam sodales odio id eleifend tristique.	Lorem ipsum dolor sit amet consectetur adipisicing elit, sed do eiusmod tempor\nincididunt ut labore et **dolore magna aliqua**: Duis aute irure dolor in\nreprehenderit in voluptate velit esse cillum dolore eu fugiat nulla pariatur.\nExcepteur sint occaecat cupidatat non proident, sunt in culpa qui officia\ndeserunt mollit anim id est laborum.\n\n  * Ut enim ad minim veniam\n  * Quis nostrud exercitation *ullamco laboris*\n  * Nisi ut aliquip ex ea commodo consequat\n\nPraesent id fermentum lorem. Ut est lorem, fringilla at accumsan nec, euismod at\nnunc. Aenean mattis sollicitudin mattis. Nullam pulvinar vestibulum bibendum.\nClass aptent taciti sociosqu ad litora torquent per conubia nostra, per inceptos\nhimenaeos. Fusce nulla purus, gravida ac interdum ut, blandit eget ex. Duis a\nluctus dolor.\n\nInteger auctor massa maximus nulla scelerisque accumsan. *Aliquam ac malesuada*\nex. Pellentesque tortor magna, vulputate eu vulputate ut, venenatis ac lectus.\nPraesent ut lacinia sem. Mauris a lectus eget felis mollis feugiat. Quisque\nefficitur, mi ut semper pulvinar, urna urna blandit massa, eget tincidunt augue\nnulla vitae est.\n\nUt posuere aliquet tincidunt. Aliquam erat volutpat. **Class aptent taciti**\nsociosqu ad litora torquent per conubia nostra, per inceptos himenaeos. Morbi\narcu orci, gravida eget aliquam eu, suscipit et ante. Morbi vulputate metus vel\nipsum finibus, ut dapibus massa feugiat. Vestibulum vel lobortis libero. Sed\ntincidunt tellus et viverra scelerisque. Pellentesque tincidunt cursus felis.\nSed in egestas erat.\n\nAliquam pulvinar interdum massa, vel ullamcorper ante consectetur eu. Vestibulum\nlacinia ac enim vel placerat. Integer pulvinar magna nec dui malesuada, nec\ncongue nisl dictum. Donec mollis nisl tortor, at congue erat consequat a. Nam\ntempus elit porta, blandit elit vel, viverra lorem. Sed sit amet tellus\ntincidunt, faucibus nisl in, aliquet libero.	2017-11-12 17:36:43+00
25	1	Potus sensim ad ferox abnoba	potus-sensim-ad-ferox-abnoba	Silva de secundus galatae demitto quadra. Pellentesque et sapien pulvinar consectetur. Potus sensim ad ferox abnoba. Vae humani generis. Pellentesque vitae velit ex. Mauris dapibus risus quis suscipit vulputate. Aliquam sodales odio id eleifend tristique.	Lorem ipsum dolor sit amet consectetur adipisicing elit, sed do eiusmod tempor\nincididunt ut labore et **dolore magna aliqua**: Duis aute irure dolor in\nreprehenderit in voluptate velit esse cillum dolore eu fugiat nulla pariatur.\nExcepteur sint occaecat cupidatat non proident, sunt in culpa qui officia\ndeserunt mollit anim id est laborum.\n\n  * Ut enim ad minim veniam\n  * Quis nostrud exercitation *ullamco laboris*\n  * Nisi ut aliquip ex ea commodo consequat\n\nPraesent id fermentum lorem. Ut est lorem, fringilla at accumsan nec, euismod at\nnunc. Aenean mattis sollicitudin mattis. Nullam pulvinar vestibulum bibendum.\nClass aptent taciti sociosqu ad litora torquent per conubia nostra, per inceptos\nhimenaeos. Fusce nulla purus, gravida ac interdum ut, blandit eget ex. Duis a\nluctus dolor.\n\nInteger auctor massa maximus nulla scelerisque accumsan. *Aliquam ac malesuada*\nex. Pellentesque tortor magna, vulputate eu vulputate ut, venenatis ac lectus.\nPraesent ut lacinia sem. Mauris a lectus eget felis mollis feugiat. Quisque\nefficitur, mi ut semper pulvinar, urna urna blandit massa, eget tincidunt augue\nnulla vitae est.\n\nUt posuere aliquet tincidunt. Aliquam erat volutpat. **Class aptent taciti**\nsociosqu ad litora torquent per conubia nostra, per inceptos himenaeos. Morbi\narcu orci, gravida eget aliquam eu, suscipit et ante. Morbi vulputate metus vel\nipsum finibus, ut dapibus massa feugiat. Vestibulum vel lobortis libero. Sed\ntincidunt tellus et viverra scelerisque. Pellentesque tincidunt cursus felis.\nSed in egestas erat.\n\nAliquam pulvinar interdum massa, vel ullamcorper ante consectetur eu. Vestibulum\nlacinia ac enim vel placerat. Integer pulvinar magna nec dui malesuada, nec\ncongue nisl dictum. Donec mollis nisl tortor, at congue erat consequat a. Nam\ntempus elit porta, blandit elit vel, viverra lorem. Sed sit amet tellus\ntincidunt, faucibus nisl in, aliquet libero.	2017-11-11 17:36:43+00
26	1	Sunt seculaes transferre talis camerarius fluctuies	sunt-seculaes-transferre-talis-camerarius-fluctuies	Ut eleifend mauris et risus ultrices egestas. In hac habitasse platea dictumst. Lorem ipsum dolor sit amet consectetur adipiscing elit. Bassus fatalis classiss virtualiter transferre de flavum. Sed varius a risus eget aliquam.	Lorem ipsum dolor sit amet consectetur adipisicing elit, sed do eiusmod tempor\nincididunt ut labore et **dolore magna aliqua**: Duis aute irure dolor in\nreprehenderit in voluptate velit esse cillum dolore eu fugiat nulla pariatur.\nExcepteur sint occaecat cupidatat non proident, sunt in culpa qui officia\ndeserunt mollit anim id est laborum.\n\n  * Ut enim ad minim veniam\n  * Quis nostrud exercitation *ullamco laboris*\n  * Nisi ut aliquip ex ea commodo consequat\n\nPraesent id fermentum lorem. Ut est lorem, fringilla at accumsan nec, euismod at\nnunc. Aenean mattis sollicitudin mattis. Nullam pulvinar vestibulum bibendum.\nClass aptent taciti sociosqu ad litora torquent per conubia nostra, per inceptos\nhimenaeos. Fusce nulla purus, gravida ac interdum ut, blandit eget ex. Duis a\nluctus dolor.\n\nInteger auctor massa maximus nulla scelerisque accumsan. *Aliquam ac malesuada*\nex. Pellentesque tortor magna, vulputate eu vulputate ut, venenatis ac lectus.\nPraesent ut lacinia sem. Mauris a lectus eget felis mollis feugiat. Quisque\nefficitur, mi ut semper pulvinar, urna urna blandit massa, eget tincidunt augue\nnulla vitae est.\n\nUt posuere aliquet tincidunt. Aliquam erat volutpat. **Class aptent taciti**\nsociosqu ad litora torquent per conubia nostra, per inceptos himenaeos. Morbi\narcu orci, gravida eget aliquam eu, suscipit et ante. Morbi vulputate metus vel\nipsum finibus, ut dapibus massa feugiat. Vestibulum vel lobortis libero. Sed\ntincidunt tellus et viverra scelerisque. Pellentesque tincidunt cursus felis.\nSed in egestas erat.\n\nAliquam pulvinar interdum massa, vel ullamcorper ante consectetur eu. Vestibulum\nlacinia ac enim vel placerat. Integer pulvinar magna nec dui malesuada, nec\ncongue nisl dictum. Donec mollis nisl tortor, at congue erat consequat a. Nam\ntempus elit porta, blandit elit vel, viverra lorem. Sed sit amet tellus\ntincidunt, faucibus nisl in, aliquet libero.	2017-11-10 17:36:43+00
27	2	Era brevis ratione est	era-brevis-ratione-est	Diatrias tolerare tanquam noster caesium. Nunc viverra elit ac laoreet suscipit. Pellentesque vitae velit ex. Potus sensim ad ferox abnoba. Eros diam egestas libero eu vulputate risus. Ut eleifend mauris et risus ultrices egestas.	Lorem ipsum dolor sit amet consectetur adipisicing elit, sed do eiusmod tempor\nincididunt ut labore et **dolore magna aliqua**: Duis aute irure dolor in\nreprehenderit in voluptate velit esse cillum dolore eu fugiat nulla pariatur.\nExcepteur sint occaecat cupidatat non proident, sunt in culpa qui officia\ndeserunt mollit anim id est laborum.\n\n  * Ut enim ad minim veniam\n  * Quis nostrud exercitation *ullamco laboris*\n  * Nisi ut aliquip ex ea commodo consequat\n\nPraesent id fermentum lorem. Ut est lorem, fringilla at accumsan nec, euismod at\nnunc. Aenean mattis sollicitudin mattis. Nullam pulvinar vestibulum bibendum.\nClass aptent taciti sociosqu ad litora torquent per conubia nostra, per inceptos\nhimenaeos. Fusce nulla purus, gravida ac interdum ut, blandit eget ex. Duis a\nluctus dolor.\n\nInteger auctor massa maximus nulla scelerisque accumsan. *Aliquam ac malesuada*\nex. Pellentesque tortor magna, vulputate eu vulputate ut, venenatis ac lectus.\nPraesent ut lacinia sem. Mauris a lectus eget felis mollis feugiat. Quisque\nefficitur, mi ut semper pulvinar, urna urna blandit massa, eget tincidunt augue\nnulla vitae est.\n\nUt posuere aliquet tincidunt. Aliquam erat volutpat. **Class aptent taciti**\nsociosqu ad litora torquent per conubia nostra, per inceptos himenaeos. Morbi\narcu orci, gravida eget aliquam eu, suscipit et ante. Morbi vulputate metus vel\nipsum finibus, ut dapibus massa feugiat. Vestibulum vel lobortis libero. Sed\ntincidunt tellus et viverra scelerisque. Pellentesque tincidunt cursus felis.\nSed in egestas erat.\n\nAliquam pulvinar interdum massa, vel ullamcorper ante consectetur eu. Vestibulum\nlacinia ac enim vel placerat. Integer pulvinar magna nec dui malesuada, nec\ncongue nisl dictum. Donec mollis nisl tortor, at congue erat consequat a. Nam\ntempus elit porta, blandit elit vel, viverra lorem. Sed sit amet tellus\ntincidunt, faucibus nisl in, aliquet libero.	2017-11-09 17:36:43+00
28	1	Sunt torquises imitari velox mirabilis medicinaes	sunt-torquises-imitari-velox-mirabilis-medicinaes	Eros diam egestas libero eu vulputate risus. Teres talis saepe tractare de camerarius flavum sensorem. Nulla porta lobortis ligula vel egestas. Morbi tempus commodo mattis. Ubi est barbatus nix. Bassus fatalis classiss virtualiter transferre de flavum.	Lorem ipsum dolor sit amet consectetur adipisicing elit, sed do eiusmod tempor\nincididunt ut labore et **dolore magna aliqua**: Duis aute irure dolor in\nreprehenderit in voluptate velit esse cillum dolore eu fugiat nulla pariatur.\nExcepteur sint occaecat cupidatat non proident, sunt in culpa qui officia\ndeserunt mollit anim id est laborum.\n\n  * Ut enim ad minim veniam\n  * Quis nostrud exercitation *ullamco laboris*\n  * Nisi ut aliquip ex ea commodo consequat\n\nPraesent id fermentum lorem. Ut est lorem, fringilla at accumsan nec, euismod at\nnunc. Aenean mattis sollicitudin mattis. Nullam pulvinar vestibulum bibendum.\nClass aptent taciti sociosqu ad litora torquent per conubia nostra, per inceptos\nhimenaeos. Fusce nulla purus, gravida ac interdum ut, blandit eget ex. Duis a\nluctus dolor.\n\nInteger auctor massa maximus nulla scelerisque accumsan. *Aliquam ac malesuada*\nex. Pellentesque tortor magna, vulputate eu vulputate ut, venenatis ac lectus.\nPraesent ut lacinia sem. Mauris a lectus eget felis mollis feugiat. Quisque\nefficitur, mi ut semper pulvinar, urna urna blandit massa, eget tincidunt augue\nnulla vitae est.\n\nUt posuere aliquet tincidunt. Aliquam erat volutpat. **Class aptent taciti**\nsociosqu ad litora torquent per conubia nostra, per inceptos himenaeos. Morbi\narcu orci, gravida eget aliquam eu, suscipit et ante. Morbi vulputate metus vel\nipsum finibus, ut dapibus massa feugiat. Vestibulum vel lobortis libero. Sed\ntincidunt tellus et viverra scelerisque. Pellentesque tincidunt cursus felis.\nSed in egestas erat.\n\nAliquam pulvinar interdum massa, vel ullamcorper ante consectetur eu. Vestibulum\nlacinia ac enim vel placerat. Integer pulvinar magna nec dui malesuada, nec\ncongue nisl dictum. Donec mollis nisl tortor, at congue erat consequat a. Nam\ntempus elit porta, blandit elit vel, viverra lorem. Sed sit amet tellus\ntincidunt, faucibus nisl in, aliquet libero.	2017-11-08 17:36:43+00
29	1	Mineralis persuadere omnes finises desiderium	mineralis-persuadere-omnes-finises-desiderium	Lorem ipsum dolor sit amet consectetur adipiscing elit. Diatrias tolerare tanquam noster caesium. Ut suscipit posuere justo at vulputate. Eros diam egestas libero eu vulputate risus. Sunt accentores vitare salvus flavum parses. Ubi est barbatus nix.	Lorem ipsum dolor sit amet consectetur adipisicing elit, sed do eiusmod tempor\nincididunt ut labore et **dolore magna aliqua**: Duis aute irure dolor in\nreprehenderit in voluptate velit esse cillum dolore eu fugiat nulla pariatur.\nExcepteur sint occaecat cupidatat non proident, sunt in culpa qui officia\ndeserunt mollit anim id est laborum.\n\n  * Ut enim ad minim veniam\n  * Quis nostrud exercitation *ullamco laboris*\n  * Nisi ut aliquip ex ea commodo consequat\n\nPraesent id fermentum lorem. Ut est lorem, fringilla at accumsan nec, euismod at\nnunc. Aenean mattis sollicitudin mattis. Nullam pulvinar vestibulum bibendum.\nClass aptent taciti sociosqu ad litora torquent per conubia nostra, per inceptos\nhimenaeos. Fusce nulla purus, gravida ac interdum ut, blandit eget ex. Duis a\nluctus dolor.\n\nInteger auctor massa maximus nulla scelerisque accumsan. *Aliquam ac malesuada*\nex. Pellentesque tortor magna, vulputate eu vulputate ut, venenatis ac lectus.\nPraesent ut lacinia sem. Mauris a lectus eget felis mollis feugiat. Quisque\nefficitur, mi ut semper pulvinar, urna urna blandit massa, eget tincidunt augue\nnulla vitae est.\n\nUt posuere aliquet tincidunt. Aliquam erat volutpat. **Class aptent taciti**\nsociosqu ad litora torquent per conubia nostra, per inceptos himenaeos. Morbi\narcu orci, gravida eget aliquam eu, suscipit et ante. Morbi vulputate metus vel\nipsum finibus, ut dapibus massa feugiat. Vestibulum vel lobortis libero. Sed\ntincidunt tellus et viverra scelerisque. Pellentesque tincidunt cursus felis.\nSed in egestas erat.\n\nAliquam pulvinar interdum massa, vel ullamcorper ante consectetur eu. Vestibulum\nlacinia ac enim vel placerat. Integer pulvinar magna nec dui malesuada, nec\ncongue nisl dictum. Donec mollis nisl tortor, at congue erat consequat a. Nam\ntempus elit porta, blandit elit vel, viverra lorem. Sed sit amet tellus\ntincidunt, faucibus nisl in, aliquet libero.	2017-11-07 17:36:43+00
30	2	Bassus fatalis classiss virtualiter transferre de flavum	bassus-fatalis-classiss-virtualiter-transferre-de-flavum	Sed varius a risus eget aliquam. Silva de secundus galatae demitto quadra. Pellentesque vitae velit ex. Mauris dapibus risus quis suscipit vulputate. Pellentesque et sapien pulvinar consectetur. Eros diam egestas libero eu vulputate risus.	Lorem ipsum dolor sit amet consectetur adipisicing elit, sed do eiusmod tempor\nincididunt ut labore et **dolore magna aliqua**: Duis aute irure dolor in\nreprehenderit in voluptate velit esse cillum dolore eu fugiat nulla pariatur.\nExcepteur sint occaecat cupidatat non proident, sunt in culpa qui officia\ndeserunt mollit anim id est laborum.\n\n  * Ut enim ad minim veniam\n  * Quis nostrud exercitation *ullamco laboris*\n  * Nisi ut aliquip ex ea commodo consequat\n\nPraesent id fermentum lorem. Ut est lorem, fringilla at accumsan nec, euismod at\nnunc. Aenean mattis sollicitudin mattis. Nullam pulvinar vestibulum bibendum.\nClass aptent taciti sociosqu ad litora torquent per conubia nostra, per inceptos\nhimenaeos. Fusce nulla purus, gravida ac interdum ut, blandit eget ex. Duis a\nluctus dolor.\n\nInteger auctor massa maximus nulla scelerisque accumsan. *Aliquam ac malesuada*\nex. Pellentesque tortor magna, vulputate eu vulputate ut, venenatis ac lectus.\nPraesent ut lacinia sem. Mauris a lectus eget felis mollis feugiat. Quisque\nefficitur, mi ut semper pulvinar, urna urna blandit massa, eget tincidunt augue\nnulla vitae est.\n\nUt posuere aliquet tincidunt. Aliquam erat volutpat. **Class aptent taciti**\nsociosqu ad litora torquent per conubia nostra, per inceptos himenaeos. Morbi\narcu orci, gravida eget aliquam eu, suscipit et ante. Morbi vulputate metus vel\nipsum finibus, ut dapibus massa feugiat. Vestibulum vel lobortis libero. Sed\ntincidunt tellus et viverra scelerisque. Pellentesque tincidunt cursus felis.\nSed in egestas erat.\n\nAliquam pulvinar interdum massa, vel ullamcorper ante consectetur eu. Vestibulum\nlacinia ac enim vel placerat. Integer pulvinar magna nec dui malesuada, nec\ncongue nisl dictum. Donec mollis nisl tortor, at congue erat consequat a. Nam\ntempus elit porta, blandit elit vel, viverra lorem. Sed sit amet tellus\ntincidunt, faucibus nisl in, aliquet libero.	2017-11-06 17:36:43+00
\.


--
-- Data for Name: symfony_demo_post_tag; Type: TABLE DATA; Schema: public; Owner: -
--

COPY public.symfony_demo_post_tag (post_id, tag_id) FROM stdin;
1	4
1	3
1	6
1	7
2	7
2	3
2	5
2	1
3	4
3	3
3	9
4	4
4	5
5	3
5	8
5	7
6	8
6	4
7	4
7	5
7	7
8	8
8	3
9	3
9	4
9	7
9	9
10	9
10	8
10	3
11	6
11	2
11	9
12	5
12	2
12	8
12	1
13	8
13	1
14	1
14	6
15	1
15	5
15	9
16	5
16	3
16	6
17	4
17	1
18	9
18	2
18	6
18	4
19	7
19	5
19	3
19	1
20	7
20	1
20	5
20	8
21	4
21	3
21	8
22	6
22	3
22	2
23	7
23	4
23	9
23	8
24	1
24	8
25	3
25	9
25	6
26	7
26	3
26	9
27	1
27	9
28	3
28	5
29	8
29	5
30	2
30	1
30	6
\.


--
-- Data for Name: symfony_demo_tag; Type: TABLE DATA; Schema: public; Owner: -
--

COPY public.symfony_demo_tag (id, name) FROM stdin;
1	lorem
2	ipsum
3	consectetur
4	adipiscing
5	incididunt
6	labore
7	voluptate
8	dolore
9	pariatur
\.


--
-- Data for Name: symfony_demo_user; Type: TABLE DATA; Schema: public; Owner: -
--

COPY public.symfony_demo_user (id, full_name, username, email, password, roles) FROM stdin;
1	Jane Doe	jane_admin	jane_admin@symfony.com	$2y$13$IMalnQpo7xfZD5FJGbEadOcqyj2mi/NQbQiI8v2wBXfjZ4nwshJlG	["ROLE_ADMIN"]
2	Tom Doe	tom_admin	tom_admin@symfony.com	$2y$13$m45IusIVHTcBoBQTBd/V.O5EuwOSIYNiuWnw0gsgo7XJDQwDJ83aC	["ROLE_ADMIN"]
3	John Doe	john_user	john_user@symfony.com	$2y$13$236BEGW9Gnbmv.lfrkZLwujj0jSOYFsQ5dI90BqM9s2mZ9WbzJmzO	["ROLE_USER"]
\.


--
-- Name: symfony_demo_comment idx_16385_symfony_demo_comment_pkey; Type: CONSTRAINT; Schema: public; Owner: -
--

ALTER TABLE ONLY public.symfony_demo_comment
    ADD CONSTRAINT idx_16385_symfony_demo_comment_pkey PRIMARY KEY (id);


--
-- Name: symfony_demo_post idx_16391_symfony_demo_post_pkey; Type: CONSTRAINT; Schema: public; Owner: -
--

ALTER TABLE ONLY public.symfony_demo_post
    ADD CONSTRAINT idx_16391_symfony_demo_post_pkey PRIMARY KEY (id);


--
-- Name: symfony_demo_post_tag idx_16397_sqlite_autoindex_symfony_demo_post_tag_1; Type: CONSTRAINT; Schema: public; Owner: -
--

ALTER TABLE ONLY public.symfony_demo_post_tag
    ADD CONSTRAINT idx_16397_sqlite_autoindex_symfony_demo_post_tag_1 PRIMARY KEY (post_id, tag_id);


--
-- Name: symfony_demo_tag idx_16400_symfony_demo_tag_pkey; Type: CONSTRAINT; Schema: public; Owner: -
--

ALTER TABLE ONLY public.symfony_demo_tag
    ADD CONSTRAINT idx_16400_symfony_demo_tag_pkey PRIMARY KEY (id);


--
-- Name: symfony_demo_user idx_16406_symfony_demo_user_pkey; Type: CONSTRAINT; Schema: public; Owner: -
--

ALTER TABLE ONLY public.symfony_demo_user
    ADD CONSTRAINT idx_16406_symfony_demo_user_pkey PRIMARY KEY (id);


--
-- Name: doctrine_migration_versions idx_16412_sqlite_autoindex_doctrine_migration_versions_1; Type: CONSTRAINT; Schema: public; Owner: -
--

ALTER TABLE ONLY public.doctrine_migration_versions
    ADD CONSTRAINT idx_16412_sqlite_autoindex_doctrine_migration_versions_1 PRIMARY KEY (version);


--
-- Name: idx_16385_idx_53ad8f834b89032c; Type: INDEX; Schema: public; Owner: -
--

CREATE INDEX idx_16385_idx_53ad8f834b89032c ON public.symfony_demo_comment USING btree (post_id);


--
-- Name: idx_16385_idx_53ad8f83f675f31b; Type: INDEX; Schema: public; Owner: -
--

CREATE INDEX idx_16385_idx_53ad8f83f675f31b ON public.symfony_demo_comment USING btree (author_id);


--
-- Name: idx_16391_idx_58a92e65f675f31b; Type: INDEX; Schema: public; Owner: -
--

CREATE INDEX idx_16391_idx_58a92e65f675f31b ON public.symfony_demo_post USING btree (author_id);


--
-- Name: idx_16397_idx_6abc1cc44b89032c; Type: INDEX; Schema: public; Owner: -
--

CREATE INDEX idx_16397_idx_6abc1cc44b89032c ON public.symfony_demo_post_tag USING btree (post_id);


--
-- Name: idx_16397_idx_6abc1cc4bad26311; Type: INDEX; Schema: public; Owner: -
--

CREATE INDEX idx_16397_idx_6abc1cc4bad26311 ON public.symfony_demo_post_tag USING btree (tag_id);


--
-- Name: idx_16400_uniq_4d5855405e237e06; Type: INDEX; Schema: public; Owner: -
--

CREATE UNIQUE INDEX idx_16400_uniq_4d5855405e237e06 ON public.symfony_demo_tag USING btree (name);


--
-- Name: idx_16406_uniq_8fb094a1e7927c74; Type: INDEX; Schema: public; Owner: -
--

CREATE UNIQUE INDEX idx_16406_uniq_8fb094a1e7927c74 ON public.symfony_demo_user USING btree (email);


--
-- Name: idx_16406_uniq_8fb094a1f85e0677; Type: INDEX; Schema: public; Owner: -
--

CREATE UNIQUE INDEX idx_16406_uniq_8fb094a1f85e0677 ON public.symfony_demo_user USING btree (username);


--
-- Name: symfony_demo_comment symfony_demo_comment_author_id_fkey; Type: FK CONSTRAINT; Schema: public; Owner: -
--

ALTER TABLE ONLY public.symfony_demo_comment
    ADD CONSTRAINT symfony_demo_comment_author_id_fkey FOREIGN KEY (author_id) REFERENCES public.symfony_demo_user(id);


--
-- Name: symfony_demo_comment symfony_demo_comment_post_id_fkey; Type: FK CONSTRAINT; Schema: public; Owner: -
--

ALTER TABLE ONLY public.symfony_demo_comment
    ADD CONSTRAINT symfony_demo_comment_post_id_fkey FOREIGN KEY (post_id) REFERENCES public.symfony_demo_post(id);


--
-- Name: symfony_demo_post symfony_demo_post_author_id_fkey; Type: FK CONSTRAINT; Schema: public; Owner: -
--

ALTER TABLE ONLY public.symfony_demo_post
    ADD CONSTRAINT symfony_demo_post_author_id_fkey FOREIGN KEY (author_id) REFERENCES public.symfony_demo_user(id);


--
-- Name: symfony_demo_post_tag symfony_demo_post_tag_post_id_fkey; Type: FK CONSTRAINT; Schema: public; Owner: -
--

ALTER TABLE ONLY public.symfony_demo_post_tag
    ADD CONSTRAINT symfony_demo_post_tag_post_id_fkey FOREIGN KEY (post_id) REFERENCES public.symfony_demo_post(id) ON DELETE CASCADE;


--
-- Name: symfony_demo_post_tag symfony_demo_post_tag_tag_id_fkey; Type: FK CONSTRAINT; Schema: public; Owner: -
--

ALTER TABLE ONLY public.symfony_demo_post_tag
    ADD CONSTRAINT symfony_demo_post_tag_tag_id_fkey FOREIGN KEY (tag_id) REFERENCES public.symfony_demo_tag(id) ON DELETE CASCADE;


--
-- PostgreSQL database dump complete
--

